control,V,regime,K,action,count,total
channel0,0,NOMINAL,1,0,240,240
channel0,0,NOMINAL,2,0,130,240
channel0,0,NOMINAL,2,3,4,240
channel0,0,NOMINAL,2,5,3,240
channel0,0,NOMINAL,2,7,6,240
channel0,0,NOMINAL,2,9,8,240
channel0,0,NOMINAL,2,11,6,240
channel0,0,NOMINAL,2,13,3,240
channel0,0,NOMINAL,2,15,3,240
channel0,0,NOMINAL,2,16,6,240
channel0,0,NOMINAL,2,18,5,240
channel0,0,NOMINAL,2,20,5,240
channel0,0,NOMINAL,2,22,5,240
channel0,0,NOMINAL,2,24,1,240
channel0,0,NOMINAL,2,26,7,240
channel0,0,NOMINAL,2,28,4,240
channel0,0,NOMINAL,2,30,4,240
channel0,0,NOMINAL,2,32,5,240
channel0,0,NOMINAL,2,34,8,240
channel0,0,NOMINAL,2,36,3,240
channel0,0,NOMINAL,2,38,5,240
channel0,0,NOMINAL,2,40,2,240
channel0,0,NOMINAL,2,42,4,240
channel0,0,NOMINAL,2,44,3,240
channel0,0,NOMINAL,2,46,10,240
channel0,0,NOMINAL,4,0,23,240
channel0,0,NOMINAL,4,3,15,240
channel0,0,NOMINAL,4,5,9,240
channel0,0,NOMINAL,4,7,8,240
channel0,0,NOMINAL,4,9,14,240
channel0,0,NOMINAL,4,11,5,240
channel0,0,NOMINAL,4,13,7,240
channel0,0,NOMINAL,4,15,7,240
channel0,0,NOMINAL,4,16,12,240
channel0,0,NOMINAL,4,18,10,240
channel0,0,NOMINAL,4,20,13,240
channel0,0,NOMINAL,4,22,15,240
channel0,0,NOMINAL,4,24,9,240
channel0,0,NOMINAL,4,26,12,240
channel0,0,NOMINAL,4,28,11,240
channel0,0,NOMINAL,4,30,7,240
channel0,0,NOMINAL,4,32,6,240
channel0,0,NOMINAL,4,34,13,240
channel0,0,NOMINAL,4,36,10,240
channel0,0,NOMINAL,4,38,6,240
channel0,0,NOMINAL,4,40,7,240
channel0,0,NOMINAL,4,42,8,240
channel0,0,NOMINAL,4,44,2,240
channel0,0,NOMINAL,4,46,11,240
channel0,0,NOMINAL,8,3,13,240
channel0,0,NOMINAL,8,5,8,240
channel0,0,NOMINAL,8,7,2,240
channel0,0,NOMINAL,8,9,17,240
channel0,0,NOMINAL,8,11,1,240
channel0,0,NOMINAL,8,13,5,240
channel0,0,NOMINAL,8,15,11,240
channel0,0,NOMINAL,8,16,7,240
channel0,0,NOMINAL,8,18,17,240
channel0,0,NOMINAL,8,20,17,240
channel0,0,NOMINAL,8,22,25,240
channel0,0,NOMINAL,8,24,10,240
channel0,0,NOMINAL,8,26,23,240
channel0,0,NOMINAL,8,28,7,240
channel0,0,NOMINAL,8,30,19,240
channel0,0,NOMINAL,8,32,4,240
channel0,0,NOMINAL,8,34,11,240
channel0,0,NOMINAL,8,36,2,240
channel0,0,NOMINAL,8,38,11,240
channel0,0,NOMINAL,8,40,3,240
channel0,0,NOMINAL,8,42,11,240
channel0,0,NOMINAL,8,44,2,240
channel0,0,NOMINAL,8,46,14,240
channel0,0,NOMINAL,16,3,14,240
channel0,0,NOMINAL,16,5,8,240
channel0,0,NOMINAL,16,7,1,240
channel0,0,NOMINAL,16,9,8,240
channel0,0,NOMINAL,16,13,8,240
channel0,0,NOMINAL,16,15,3,240
channel0,0,NOMINAL,16,18,17,240
channel0,0,NOMINAL,16,20,4,240
channel0,0,NOMINAL,16,22,20,240
channel0,0,NOMINAL,16,24,7,240
channel0,0,NOMINAL,16,26,42,240
channel0,0,NOMINAL,16,28,4,240
channel0,0,NOMINAL,16,30,36,240
channel0,0,NOMINAL,16,32,2,240
channel0,0,NOMINAL,16,34,15,240
channel0,0,NOMINAL,16,36,1,240
channel0,0,NOMINAL,16,38,8,240
channel0,0,NOMINAL,16,42,22,240
channel0,0,NOMINAL,16,46,20,240
channel0,0,NOMINAL,32,5,11,240
channel0,0,NOMINAL,32,9,3,240
channel0,0,NOMINAL,32,13,8,240
channel0,0,NOMINAL,32,18,17,240
channel0,0,NOMINAL,32,22,15,240
channel0,0,NOMINAL,32,26,88,240
channel0,0,NOMINAL,32,30,69,240
channel0,0,NOMINAL,32,34,2,240
channel0,0,NOMINAL,32,38,8,240
channel0,0,NOMINAL,32,42,8,240
channel0,0,NOMINAL,32,46,11,240
channel0,0,NOMINAL,48,22,9,240
channel0,0,NOMINAL,48,26,180,240
channel0,0,NOMINAL,48,30,51,240
channel0,0,PHYSICAL_SHIFT,1,0,240,240
channel0,0,PHYSICAL_SHIFT,2,0,130,240
channel0,0,PHYSICAL_SHIFT,2,3,4,240
channel0,0,PHYSICAL_SHIFT,2,5,3,240
channel0,0,PHYSICAL_SHIFT,2,7,6,240
channel0,0,PHYSICAL_SHIFT,2,9,8,240
channel0,0,PHYSICAL_SHIFT,2,11,6,240
channel0,0,PHYSICAL_SHIFT,2,13,3,240
channel0,0,PHYSICAL_SHIFT,2,15,3,240
channel0,0,PHYSICAL_SHIFT,2,16,6,240
channel0,0,PHYSICAL_SHIFT,2,18,5,240
channel0,0,PHYSICAL_SHIFT,2,20,5,240
channel0,0,PHYSICAL_SHIFT,2,22,5,240
channel0,0,PHYSICAL_SHIFT,2,24,1,240
channel0,0,PHYSICAL_SHIFT,2,26,7,240
channel0,0,PHYSICAL_SHIFT,2,28,4,240
channel0,0,PHYSICAL_SHIFT,2,30,4,240
channel0,0,PHYSICAL_SHIFT,2,32,5,240
channel0,0,PHYSICAL_SHIFT,2,34,8,240
channel0,0,PHYSICAL_SHIFT,2,36,3,240
channel0,0,PHYSICAL_SHIFT,2,38,5,240
channel0,0,PHYSICAL_SHIFT,2,40,2,240
channel0,0,PHYSICAL_SHIFT,2,42,4,240
channel0,0,PHYSICAL_SHIFT,2,44,3,240
channel0,0,PHYSICAL_SHIFT,2,46,10,240
channel0,0,PHYSICAL_SHIFT,4,0,23,240
channel0,0,PHYSICAL_SHIFT,4,3,15,240
channel0,0,PHYSICAL_SHIFT,4,5,9,240
channel0,0,PHYSICAL_SHIFT,4,7,8,240
channel0,0,PHYSICAL_SHIFT,4,9,14,240
channel0,0,PHYSICAL_SHIFT,4,11,5,240
channel0,0,PHYSICAL_SHIFT,4,13,7,240
channel0,0,PHYSICAL_SHIFT,4,15,7,240
channel0,0,PHYSICAL_SHIFT,4,16,12,240
channel0,0,PHYSICAL_SHIFT,4,18,10,240
channel0,0,PHYSICAL_SHIFT,4,20,13,240
channel0,0,PHYSICAL_SHIFT,4,22,15,240
channel0,0,PHYSICAL_SHIFT,4,24,9,240
channel0,0,PHYSICAL_SHIFT,4,26,12,240
channel0,0,PHYSICAL_SHIFT,4,28,11,240
channel0,0,PHYSICAL_SHIFT,4,30,7,240
channel0,0,PHYSICAL_SHIFT,4,32,6,240
channel0,0,PHYSICAL_SHIFT,4,34,13,240
channel0,0,PHYSICAL_SHIFT,4,36,10,240
channel0,0,PHYSICAL_SHIFT,4,38,6,240
channel0,0,PHYSICAL_SHIFT,4,40,7,240
channel0,0,PHYSICAL_SHIFT,4,42,8,240
channel0,0,PHYSICAL_SHIFT,4,44,2,240
channel0,0,PHYSICAL_SHIFT,4,46,11,240
channel0,0,PHYSICAL_SHIFT,8,3,13,240
channel0,0,PHYSICAL_SHIFT,8,5,8,240
channel0,0,PHYSICAL_SHIFT,8,7,2,240
channel0,0,PHYSICAL_SHIFT,8,9,17,240
channel0,0,PHYSICAL_SHIFT,8,11,1,240
channel0,0,PHYSICAL_SHIFT,8,13,5,240
channel0,0,PHYSICAL_SHIFT,8,15,11,240
channel0,0,PHYSICAL_SHIFT,8,16,7,240
channel0,0,PHYSICAL_SHIFT,8,18,17,240
channel0,0,PHYSICAL_SHIFT,8,20,17,240
channel0,0,PHYSICAL_SHIFT,8,22,25,240
channel0,0,PHYSICAL_SHIFT,8,24,10,240
channel0,0,PHYSICAL_SHIFT,8,26,23,240
channel0,0,PHYSICAL_SHIFT,8,28,7,240
channel0,0,PHYSICAL_SHIFT,8,30,19,240
channel0,0,PHYSICAL_SHIFT,8,32,4,240
channel0,0,PHYSICAL_SHIFT,8,34,11,240
channel0,0,PHYSICAL_SHIFT,8,36,2,240
channel0,0,PHYSICAL_SHIFT,8,38,11,240
channel0,0,PHYSICAL_SHIFT,8,40,3,240
channel0,0,PHYSICAL_SHIFT,8,42,11,240
channel0,0,PHYSICAL_SHIFT,8,44,2,240
channel0,0,PHYSICAL_SHIFT,8,46,14,240
channel0,0,PHYSICAL_SHIFT,16,3,14,240
channel0,0,PHYSICAL_SHIFT,16,5,8,240
channel0,0,PHYSICAL_SHIFT,16,7,1,240
channel0,0,PHYSICAL_SHIFT,16,9,8,240
channel0,0,PHYSICAL_SHIFT,16,13,8,240
channel0,0,PHYSICAL_SHIFT,16,15,3,240
channel0,0,PHYSICAL_SHIFT,16,18,18,240
channel0,0,PHYSICAL_SHIFT,16,20,4,240
channel0,0,PHYSICAL_SHIFT,16,22,19,240
channel0,0,PHYSICAL_SHIFT,16,24,7,240
channel0,0,PHYSICAL_SHIFT,16,26,42,240
channel0,0,PHYSICAL_SHIFT,16,28,4,240
channel0,0,PHYSICAL_SHIFT,16,30,36,240
channel0,0,PHYSICAL_SHIFT,16,32,2,240
channel0,0,PHYSICAL_SHIFT,16,34,15,240
channel0,0,PHYSICAL_SHIFT,16,36,1,240
channel0,0,PHYSICAL_SHIFT,16,38,8,240
channel0,0,PHYSICAL_SHIFT,16,42,22,240
channel0,0,PHYSICAL_SHIFT,16,46,20,240
channel0,0,PHYSICAL_SHIFT,32,5,11,240
channel0,0,PHYSICAL_SHIFT,32,9,3,240
channel0,0,PHYSICAL_SHIFT,32,13,8,240
channel0,0,PHYSICAL_SHIFT,32,18,17,240
channel0,0,PHYSICAL_SHIFT,32,22,15,240
channel0,0,PHYSICAL_SHIFT,32,26,88,240
channel0,0,PHYSICAL_SHIFT,32,30,69,240
channel0,0,PHYSICAL_SHIFT,32,34,2,240
channel0,0,PHYSICAL_SHIFT,32,38,8,240
channel0,0,PHYSICAL_SHIFT,32,42,9,240
channel0,0,PHYSICAL_SHIFT,32,46,10,240
channel0,0,PHYSICAL_SHIFT,48,22,9,240
channel0,0,PHYSICAL_SHIFT,48,26,180,240
channel0,0,PHYSICAL_SHIFT,48,30,51,240
channel0,1,NOMINAL,1,0,240,240
channel0,1,NOMINAL,2,0,209,240
channel0,1,NOMINAL,2,7,6,240
channel0,1,NOMINAL,2,11,6,240
channel0,1,NOMINAL,2,16,6,240
channel0,1,NOMINAL,2,20,5,240
channel0,1,NOMINAL,2,32,5,240
channel0,1,NOMINAL,2,36,3,240
channel0,1,NOMINAL,4,0,149,240
channel0,1,NOMINAL,4,7,13,240
channel0,1,NOMINAL,4,11,13,240
channel0,1,NOMINAL,4,16,18,240
channel0,1,NOMINAL,4,20,18,240
channel0,1,NOMINAL,4,32,14,240
channel0,1,NOMINAL,4,36,15,240
channel0,1,NOMINAL,8,0,77,240
channel0,1,NOMINAL,8,7,22,240
channel0,1,NOMINAL,8,11,15,240
channel0,1,NOMINAL,8,16,36,240
channel0,1,NOMINAL,8,20,42,240
channel0,1,NOMINAL,8,32,22,240
channel0,1,NOMINAL,8,36,26,240
channel0,1,NOMINAL,16,0,20,240
channel0,1,NOMINAL,16,7,18,240
channel0,1,NOMINAL,16,11,12,240
channel0,1,NOMINAL,16,16,55,240
channel0,1,NOMINAL,16,20,81,240
channel0,1,NOMINAL,16,32,19,240
channel0,1,NOMINAL,16,36,35,240
channel0,1,NOMINAL,32,7,21,240
channel0,1,NOMINAL,32,16,44,240
channel0,1,NOMINAL,32,20,150,240
channel0,1,NOMINAL,32,32,1,240
channel0,1,NOMINAL,32,36,24,240
channel0,1,NOMINAL,48,20,240,240
channel0,1,PHYSICAL_SHIFT,1,0,240,240
channel0,1,PHYSICAL_SHIFT,2,0,209,240
channel0,1,PHYSICAL_SHIFT,2,7,6,240
channel0,1,PHYSICAL_SHIFT,2,11,6,240
channel0,1,PHYSICAL_SHIFT,2,16,6,240
channel0,1,PHYSICAL_SHIFT,2,20,5,240
channel0,1,PHYSICAL_SHIFT,2,32,5,240
channel0,1,PHYSICAL_SHIFT,2,36,3,240
channel0,1,PHYSICAL_SHIFT,4,0,149,240
channel0,1,PHYSICAL_SHIFT,4,7,13,240
channel0,1,PHYSICAL_SHIFT,4,11,13,240
channel0,1,PHYSICAL_SHIFT,4,16,18,240
channel0,1,PHYSICAL_SHIFT,4,20,18,240
channel0,1,PHYSICAL_SHIFT,4,32,14,240
channel0,1,PHYSICAL_SHIFT,4,36,15,240
channel0,1,PHYSICAL_SHIFT,8,0,77,240
channel0,1,PHYSICAL_SHIFT,8,7,22,240
channel0,1,PHYSICAL_SHIFT,8,11,15,240
channel0,1,PHYSICAL_SHIFT,8,16,36,240
channel0,1,PHYSICAL_SHIFT,8,20,42,240
channel0,1,PHYSICAL_SHIFT,8,32,22,240
channel0,1,PHYSICAL_SHIFT,8,36,26,240
channel0,1,PHYSICAL_SHIFT,16,0,20,240
channel0,1,PHYSICAL_SHIFT,16,7,18,240
channel0,1,PHYSICAL_SHIFT,16,11,12,240
channel0,1,PHYSICAL_SHIFT,16,16,55,240
channel0,1,PHYSICAL_SHIFT,16,20,81,240
channel0,1,PHYSICAL_SHIFT,16,32,19,240
channel0,1,PHYSICAL_SHIFT,16,36,35,240
channel0,1,PHYSICAL_SHIFT,32,7,21,240
channel0,1,PHYSICAL_SHIFT,32,16,44,240
channel0,1,PHYSICAL_SHIFT,32,20,151,240
channel0,1,PHYSICAL_SHIFT,32,32,1,240
channel0,1,PHYSICAL_SHIFT,32,36,23,240
channel0,1,PHYSICAL_SHIFT,48,20,240,240
channel2,0,NOMINAL,1,0,240,240
channel2,0,NOMINAL,2,0,184,240
channel2,0,NOMINAL,2,7,6,240
channel2,0,NOMINAL,2,9,8,240
channel2,0,NOMINAL,2,11,6,240
channel2,0,NOMINAL,2,13,3,240
channel2,0,NOMINAL,2,15,3,240
channel2,0,NOMINAL,2,16,1,240
channel2,0,NOMINAL,2,18,1,240
channel2,0,NOMINAL,2,20,4,240
channel2,0,NOMINAL,2,22,2,240
channel2,0,NOMINAL,2,32,5,240
channel2,0,NOMINAL,2,34,7,240
channel2,0,NOMINAL,2,36,3,240
channel2,0,NOMINAL,2,38,5,240
channel2,0,NOMINAL,2,46,2,240
channel2,0,NOMINAL,4,0,110,240
channel2,0,NOMINAL,4,7,11,240
channel2,0,NOMINAL,4,9,11,240
channel2,0,NOMINAL,4,11,13,240
channel2,0,NOMINAL,4,13,5,240
channel2,0,NOMINAL,4,15,11,240
channel2,0,NOMINAL,4,16,4,240
channel2,0,NOMINAL,4,18,2,240
channel2,0,NOMINAL,4,20,18,240
channel2,0,NOMINAL,4,22,7,240
channel2,0,NOMINAL,4,32,11,240
channel2,0,NOMINAL,4,34,7,240
channel2,0,NOMINAL,4,36,13,240
channel2,0,NOMINAL,4,38,10,240
channel2,0,NOMINAL,4,40,1,240
channel2,0,NOMINAL,4,44,5,240
channel2,0,NOMINAL,4,46,1,240
channel2,0,NOMINAL,8,0,38,240
channel2,0,NOMINAL,8,7,14,240
channel2,0,NOMINAL,8,9,14,240
channel2,0,NOMINAL,8,11,14,240
channel2,0,NOMINAL,8,13,6,240
channel2,0,NOMINAL,8,15,20,240
channel2,0,NOMINAL,8,16,5,240
channel2,0,NOMINAL,8,18,2,240
channel2,0,NOMINAL,8,20,40,240
channel2,0,NOMINAL,8,22,24,240
channel2,0,NOMINAL,8,28,1,240
channel2,0,NOMINAL,8,32,11,240
channel2,0,NOMINAL,8,34,7,240
channel2,0,NOMINAL,8,36,20,240
channel2,0,NOMINAL,8,38,13,240
channel2,0,NOMINAL,8,40,1,240
channel2,0,NOMINAL,8,44,8,240
channel2,0,NOMINAL,8,46,2,240
channel2,0,NOMINAL,16,0,4,240
channel2,0,NOMINAL,16,7,7,240
channel2,0,NOMINAL,16,9,11,240
channel2,0,NOMINAL,16,11,5,240
channel2,0,NOMINAL,16,13,5,240
channel2,0,NOMINAL,16,15,37,240
channel2,0,NOMINAL,16,16,7,240
channel2,0,NOMINAL,16,20,67,240
channel2,0,NOMINAL,16,22,25,240
channel2,0,NOMINAL,16,32,10,240
channel2,0,NOMINAL,16,34,5,240
channel2,0,NOMINAL,16,36,26,240
channel2,0,NOMINAL,16,38,17,240
channel2,0,NOMINAL,16,40,1,240
channel2,0,NOMINAL,16,42,1,240
channel2,0,NOMINAL,16,44,8,240
channel2,0,NOMINAL,16,46,4,240
channel2,0,NOMINAL,32,7,2,240
channel2,0,NOMINAL,32,9,2,240
channel2,0,NOMINAL,32,15,27,240
channel2,0,NOMINAL,32,20,96,240
channel2,0,NOMINAL,32,22,20,240
channel2,0,NOMINAL,32,36,59,240
channel2,0,NOMINAL,32,38,22,240
channel2,0,NOMINAL,32,44,10,240
channel2,0,NOMINAL,32,46,2,240
channel2,0,NOMINAL,48,15,24,240
channel2,0,NOMINAL,48,20,125,240
channel2,0,NOMINAL,48,36,76,240
channel2,0,NOMINAL,48,44,15,240
channel2,0,PHYSICAL_SHIFT,1,0,240,240
channel2,0,PHYSICAL_SHIFT,2,0,184,240
channel2,0,PHYSICAL_SHIFT,2,7,6,240
channel2,0,PHYSICAL_SHIFT,2,9,8,240
channel2,0,PHYSICAL_SHIFT,2,11,6,240
channel2,0,PHYSICAL_SHIFT,2,13,3,240
channel2,0,PHYSICAL_SHIFT,2,15,3,240
channel2,0,PHYSICAL_SHIFT,2,16,1,240
channel2,0,PHYSICAL_SHIFT,2,18,1,240
channel2,0,PHYSICAL_SHIFT,2,20,4,240
channel2,0,PHYSICAL_SHIFT,2,22,2,240
channel2,0,PHYSICAL_SHIFT,2,32,5,240
channel2,0,PHYSICAL_SHIFT,2,34,7,240
channel2,0,PHYSICAL_SHIFT,2,36,3,240
channel2,0,PHYSICAL_SHIFT,2,38,5,240
channel2,0,PHYSICAL_SHIFT,2,46,2,240
channel2,0,PHYSICAL_SHIFT,4,0,110,240
channel2,0,PHYSICAL_SHIFT,4,7,11,240
channel2,0,PHYSICAL_SHIFT,4,9,11,240
channel2,0,PHYSICAL_SHIFT,4,11,13,240
channel2,0,PHYSICAL_SHIFT,4,13,5,240
channel2,0,PHYSICAL_SHIFT,4,15,11,240
channel2,0,PHYSICAL_SHIFT,4,16,4,240
channel2,0,PHYSICAL_SHIFT,4,18,2,240
channel2,0,PHYSICAL_SHIFT,4,20,18,240
channel2,0,PHYSICAL_SHIFT,4,22,7,240
channel2,0,PHYSICAL_SHIFT,4,32,11,240
channel2,0,PHYSICAL_SHIFT,4,34,7,240
channel2,0,PHYSICAL_SHIFT,4,36,13,240
channel2,0,PHYSICAL_SHIFT,4,38,10,240
channel2,0,PHYSICAL_SHIFT,4,40,1,240
channel2,0,PHYSICAL_SHIFT,4,44,5,240
channel2,0,PHYSICAL_SHIFT,4,46,1,240
channel2,0,PHYSICAL_SHIFT,8,0,41,240
channel2,0,PHYSICAL_SHIFT,8,7,14,240
channel2,0,PHYSICAL_SHIFT,8,9,14,240
channel2,0,PHYSICAL_SHIFT,8,11,15,240
channel2,0,PHYSICAL_SHIFT,8,13,6,240
channel2,0,PHYSICAL_SHIFT,8,15,20,240
channel2,0,PHYSICAL_SHIFT,8,16,5,240
channel2,0,PHYSICAL_SHIFT,8,18,2,240
channel2,0,PHYSICAL_SHIFT,8,20,36,240
channel2,0,PHYSICAL_SHIFT,8,22,25,240
channel2,0,PHYSICAL_SHIFT,8,28,1,240
channel2,0,PHYSICAL_SHIFT,8,32,11,240
channel2,0,PHYSICAL_SHIFT,8,34,7,240
channel2,0,PHYSICAL_SHIFT,8,36,20,240
channel2,0,PHYSICAL_SHIFT,8,38,12,240
channel2,0,PHYSICAL_SHIFT,8,40,1,240
channel2,0,PHYSICAL_SHIFT,8,44,8,240
channel2,0,PHYSICAL_SHIFT,8,46,2,240
channel2,0,PHYSICAL_SHIFT,16,0,4,240
channel2,0,PHYSICAL_SHIFT,16,7,10,240
channel2,0,PHYSICAL_SHIFT,16,9,14,240
channel2,0,PHYSICAL_SHIFT,16,11,5,240
channel2,0,PHYSICAL_SHIFT,16,13,2,240
channel2,0,PHYSICAL_SHIFT,16,15,38,240
channel2,0,PHYSICAL_SHIFT,16,16,7,240
channel2,0,PHYSICAL_SHIFT,16,20,64,240
channel2,0,PHYSICAL_SHIFT,16,22,27,240
channel2,0,PHYSICAL_SHIFT,16,32,9,240
channel2,0,PHYSICAL_SHIFT,16,34,5,240
channel2,0,PHYSICAL_SHIFT,16,36,25,240
channel2,0,PHYSICAL_SHIFT,16,38,17,240
channel2,0,PHYSICAL_SHIFT,16,42,1,240
channel2,0,PHYSICAL_SHIFT,16,44,8,240
channel2,0,PHYSICAL_SHIFT,16,46,4,240
channel2,0,PHYSICAL_SHIFT,32,7,2,240
channel2,0,PHYSICAL_SHIFT,32,9,1,240
channel2,0,PHYSICAL_SHIFT,32,13,1,240
channel2,0,PHYSICAL_SHIFT,32,15,33,240
channel2,0,PHYSICAL_SHIFT,32,20,90,240
channel2,0,PHYSICAL_SHIFT,32,22,24,240
channel2,0,PHYSICAL_SHIFT,32,32,1,240
channel2,0,PHYSICAL_SHIFT,32,36,59,240
channel2,0,PHYSICAL_SHIFT,32,38,16,240
channel2,0,PHYSICAL_SHIFT,32,44,10,240
channel2,0,PHYSICAL_SHIFT,32,46,3,240
channel2,0,PHYSICAL_SHIFT,48,15,33,240
channel2,0,PHYSICAL_SHIFT,48,20,122,240
channel2,0,PHYSICAL_SHIFT,48,36,69,240
channel2,0,PHYSICAL_SHIFT,48,44,16,240
channel2,1,NOMINAL,1,0,240,240
channel2,1,NOMINAL,2,0,216,240
channel2,1,NOMINAL,2,7,6,240
channel2,1,NOMINAL,2,11,6,240
channel2,1,NOMINAL,2,20,4,240
channel2,1,NOMINAL,2,32,5,240
channel2,1,NOMINAL,2,36,3,240
channel2,1,NOMINAL,4,0,163,240
channel2,1,NOMINAL,4,7,14,240
channel2,1,NOMINAL,4,11,13,240
channel2,1,NOMINAL,4,16,2,240
channel2,1,NOMINAL,4,20,18,240
channel2,1,NOMINAL,4,32,16,240
channel2,1,NOMINAL,4,36,14,240
channel2,1,NOMINAL,8,0,99,240
channel2,1,NOMINAL,8,7,24,240
channel2,1,NOMINAL,8,11,22,240
channel2,1,NOMINAL,8,16,7,240
channel2,1,NOMINAL,8,20,40,240
channel2,1,NOMINAL,8,32,21,240
channel2,1,NOMINAL,8,36,27,240
channel2,1,NOMINAL,16,0,33,240
channel2,1,NOMINAL,16,7,31,240
channel2,1,NOMINAL,16,11,28,240
channel2,1,NOMINAL,16,16,10,240
channel2,1,NOMINAL,16,20,71,240
channel2,1,NOMINAL,16,32,22,240
channel2,1,NOMINAL,16,36,45,240
channel2,1,NOMINAL,32,0,1,240
channel2,1,NOMINAL,32,7,25,240
channel2,1,NOMINAL,32,11,3,240
channel2,1,NOMINAL,32,16,2,240
channel2,1,NOMINAL,32,20,111,240
channel2,1,NOMINAL,32,32,18,240
channel2,1,NOMINAL,32,36,80,240
channel2,1,NOMINAL,48,7,19,240
channel2,1,NOMINAL,48,20,122,240
channel2,1,NOMINAL,48,36,99,240
channel2,1,PHYSICAL_SHIFT,1,0,240,240
channel2,1,PHYSICAL_SHIFT,2,0,216,240
channel2,1,PHYSICAL_SHIFT,2,7,6,240
channel2,1,PHYSICAL_SHIFT,2,11,6,240
channel2,1,PHYSICAL_SHIFT,2,20,4,240
channel2,1,PHYSICAL_SHIFT,2,32,5,240
channel2,1,PHYSICAL_SHIFT,2,36,3,240
channel2,1,PHYSICAL_SHIFT,4,0,163,240
channel2,1,PHYSICAL_SHIFT,4,7,14,240
channel2,1,PHYSICAL_SHIFT,4,11,13,240
channel2,1,PHYSICAL_SHIFT,4,16,2,240
channel2,1,PHYSICAL_SHIFT,4,20,18,240
channel2,1,PHYSICAL_SHIFT,4,32,16,240
channel2,1,PHYSICAL_SHIFT,4,36,14,240
channel2,1,PHYSICAL_SHIFT,8,0,100,240
channel2,1,PHYSICAL_SHIFT,8,7,25,240
channel2,1,PHYSICAL_SHIFT,8,11,22,240
channel2,1,PHYSICAL_SHIFT,8,16,6,240
channel2,1,PHYSICAL_SHIFT,8,20,39,240
channel2,1,PHYSICAL_SHIFT,8,32,21,240
channel2,1,PHYSICAL_SHIFT,8,36,27,240
channel2,1,PHYSICAL_SHIFT,16,0,33,240
channel2,1,PHYSICAL_SHIFT,16,7,32,240
channel2,1,PHYSICAL_SHIFT,16,11,28,240
channel2,1,PHYSICAL_SHIFT,16,16,10,240
channel2,1,PHYSICAL_SHIFT,16,20,71,240
channel2,1,PHYSICAL_SHIFT,16,32,22,240
channel2,1,PHYSICAL_SHIFT,16,36,44,240
channel2,1,PHYSICAL_SHIFT,32,0,1,240
channel2,1,PHYSICAL_SHIFT,32,7,29,240
channel2,1,PHYSICAL_SHIFT,32,11,5,240
channel2,1,PHYSICAL_SHIFT,32,16,1,240
channel2,1,PHYSICAL_SHIFT,32,20,107,240
channel2,1,PHYSICAL_SHIFT,32,32,19,240
channel2,1,PHYSICAL_SHIFT,32,36,78,240
channel2,1,PHYSICAL_SHIFT,48,7,26,240
channel2,1,PHYSICAL_SHIFT,48,20,122,240
channel2,1,PHYSICAL_SHIFT,48,36,92,240
