root_seed,regime,time,on,off,action_changed,strict_reversal,on_breaches,off_breaches,witness
1000001,NOMINAL,0,20,7,True,True,0,0,False
1000001,NOMINAL,1,20,7,True,True,0,0,False
1000001,NOMINAL,2,20,7,True,True,0,0,False
1000001,NOMINAL,3,20,7,True,True,0,0,False
1000001,NOMINAL,4,20,7,True,True,0,0,False
1000001,NOMINAL,5,20,7,True,True,1,0,True
1000001,NOMINAL,6,20,7,True,True,1,0,True
1000001,NOMINAL,7,20,7,True,True,2,0,True
1000001,NOMINAL,8,20,7,True,True,2,1,True
1000001,NOMINAL,9,20,7,True,True,3,1,True
1000001,NOMINAL,10,20,7,True,True,3,2,True
1000001,NOMINAL,11,20,7,True,True,4,2,True
1000001,PHYSICAL_SHIFT,0,20,7,True,True,0,0,False
1000001,PHYSICAL_SHIFT,1,20,7,True,True,0,0,False
1000001,PHYSICAL_SHIFT,2,20,7,True,True,0,0,False
1000001,PHYSICAL_SHIFT,3,20,7,True,True,0,0,False
1000001,PHYSICAL_SHIFT,4,20,7,True,True,0,0,False
1000001,PHYSICAL_SHIFT,5,20,7,True,True,1,0,True
1000001,PHYSICAL_SHIFT,6,20,7,True,True,2,0,True
1000001,PHYSICAL_SHIFT,7,20,7,True,True,3,0,True
1000001,PHYSICAL_SHIFT,8,20,7,True,True,4,2,True
1000001,PHYSICAL_SHIFT,9,20,7,True,True,4,3,True
1000001,PHYSICAL_SHIFT,10,20,7,True,True,4,4,False
1000001,PHYSICAL_SHIFT,11,20,7,True,True,4,4,False
1000002,NOMINAL,0,20,20,False,False,0,0,False
1000002,NOMINAL,1,20,36,True,False,0,0,False
1000002,NOMINAL,2,20,7,True,True,0,0,False
1000002,NOMINAL,3,20,7,True,True,0,0,False
1000002,NOMINAL,4,20,7,True,True,0,0,False
1000002,NOMINAL,5,20,7,True,True,0,0,False
1000002,NOMINAL,6,20,7,True,True,0,0,False
1000002,NOMINAL,7,20,7,True,True,1,0,True
1000002,NOMINAL,8,20,7,True,True,1,0,True
1000002,NOMINAL,9,20,7,True,True,3,0,True
1000002,NOMINAL,10,20,7,True,True,3,1,True
1000002,NOMINAL,11,20,7,True,True,3,1,True
1000002,PHYSICAL_SHIFT,0,20,20,False,False,0,0,False
1000002,PHYSICAL_SHIFT,1,20,36,True,False,0,0,False
1000002,PHYSICAL_SHIFT,2,20,7,True,True,0,0,False
1000002,PHYSICAL_SHIFT,3,20,7,True,True,0,0,False
1000002,PHYSICAL_SHIFT,4,20,7,True,True,0,0,False
1000002,PHYSICAL_SHIFT,5,20,7,True,True,0,0,False
1000002,PHYSICAL_SHIFT,6,20,7,True,True,1,0,True
1000002,PHYSICAL_SHIFT,7,20,7,True,True,3,0,True
1000002,PHYSICAL_SHIFT,8,20,7,True,True,3,1,True
1000002,PHYSICAL_SHIFT,9,20,7,True,True,4,3,True
1000002,PHYSICAL_SHIFT,10,20,7,True,True,4,3,True
1000002,PHYSICAL_SHIFT,11,20,7,True,True,4,4,False
1000003,NOMINAL,0,20,20,False,False,0,0,False
1000003,NOMINAL,1,20,20,False,False,0,0,False
1000003,NOMINAL,2,20,20,False,False,0,0,False
1000003,NOMINAL,3,20,36,True,False,0,0,False
1000003,NOMINAL,4,20,7,True,True,0,0,False
1000003,NOMINAL,5,20,7,True,True,0,0,False
1000003,NOMINAL,6,20,7,True,True,0,0,False
1000003,NOMINAL,7,20,7,True,True,0,0,False
1000003,NOMINAL,8,20,7,True,True,0,0,False
1000003,NOMINAL,9,20,7,True,True,2,0,True
1000003,NOMINAL,10,20,7,True,True,3,0,True
1000003,NOMINAL,11,20,7,True,True,3,0,True
1000003,PHYSICAL_SHIFT,0,20,20,False,False,0,0,False
1000003,PHYSICAL_SHIFT,1,20,20,False,False,0,0,False
1000003,PHYSICAL_SHIFT,2,20,20,False,False,0,0,False
1000003,PHYSICAL_SHIFT,3,20,36,True,False,0,0,False
1000003,PHYSICAL_SHIFT,4,20,7,True,True,0,0,False
1000003,PHYSICAL_SHIFT,5,20,7,True,True,0,0,False
1000003,PHYSICAL_SHIFT,6,20,7,True,True,0,0,False
1000003,PHYSICAL_SHIFT,7,20,7,True,True,2,0,True
1000003,PHYSICAL_SHIFT,8,20,7,True,True,3,0,True
1000003,PHYSICAL_SHIFT,9,20,7,True,True,4,2,True
1000003,PHYSICAL_SHIFT,10,20,7,True,True,4,3,True
1000003,PHYSICAL_SHIFT,11,20,7,True,True,4,4,False
1000004,NOMINAL,0,20,7,True,True,0,0,False
1000004,NOMINAL,1,20,7,True,True,0,0,False
1000004,NOMINAL,2,20,7,True,True,0,0,False
1000004,NOMINAL,3,20,7,True,True,0,0,False
1000004,NOMINAL,4,20,7,True,True,0,0,False
1000004,NOMINAL,5,20,7,True,True,0,0,False
1000004,NOMINAL,6,20,7,True,True,1,0,True
1000004,NOMINAL,7,20,7,True,True,1,0,True
1000004,NOMINAL,8,20,7,True,True,1,0,True
1000004,NOMINAL,9,20,7,True,True,1,1,False
1000004,NOMINAL,10,20,7,True,True,3,1,True
1000004,NOMINAL,11,20,7,True,True,4,1,True
1000004,PHYSICAL_SHIFT,0,20,7,True,True,0,0,False
1000004,PHYSICAL_SHIFT,1,20,7,True,True,0,0,False
1000004,PHYSICAL_SHIFT,2,20,7,True,True,0,0,False
1000004,PHYSICAL_SHIFT,3,20,7,True,True,0,0,False
1000004,PHYSICAL_SHIFT,4,20,7,True,True,0,0,False
1000004,PHYSICAL_SHIFT,5,20,7,True,True,0,0,False
1000004,PHYSICAL_SHIFT,6,20,7,True,True,1,0,True
1000004,PHYSICAL_SHIFT,7,20,7,True,True,1,0,True
1000004,PHYSICAL_SHIFT,8,20,7,True,True,3,1,True
1000004,PHYSICAL_SHIFT,9,20,7,True,True,4,1,True
1000004,PHYSICAL_SHIFT,10,20,7,True,True,4,4,False
1000004,PHYSICAL_SHIFT,11,20,7,True,True,4,4,False
1000005,NOMINAL,0,20,20,False,False,0,0,False
1000005,NOMINAL,1,20,20,False,False,0,0,False
1000005,NOMINAL,2,20,36,True,False,0,0,False
1000005,NOMINAL,3,20,7,True,True,0,0,False
1000005,NOMINAL,4,20,7,True,True,0,0,False
1000005,NOMINAL,5,20,7,True,True,0,0,False
1000005,NOMINAL,6,20,7,True,True,0,0,False
1000005,NOMINAL,7,20,7,True,True,0,0,False
1000005,NOMINAL,8,20,7,True,True,1,0,True
1000005,NOMINAL,9,20,7,True,True,2,0,True
1000005,NOMINAL,10,20,7,True,True,3,0,True
1000005,NOMINAL,11,20,7,True,True,4,1,True
1000005,PHYSICAL_SHIFT,0,20,20,False,False,0,0,False
1000005,PHYSICAL_SHIFT,1,20,20,False,False,0,0,False
1000005,PHYSICAL_SHIFT,2,20,36,True,False,0,0,False
1000005,PHYSICAL_SHIFT,3,20,7,True,True,0,0,False
1000005,PHYSICAL_SHIFT,4,20,7,True,True,0,0,False
1000005,PHYSICAL_SHIFT,5,20,7,True,True,0,0,False
1000005,PHYSICAL_SHIFT,6,20,7,True,True,0,0,False
1000005,PHYSICAL_SHIFT,7,20,7,True,True,3,0,True
1000005,PHYSICAL_SHIFT,8,20,7,True,True,4,0,True
1000005,PHYSICAL_SHIFT,9,20,7,True,True,4,2,True
1000005,PHYSICAL_SHIFT,10,20,7,True,True,4,4,False
1000005,PHYSICAL_SHIFT,11,20,7,True,True,4,4,False
1000006,NOMINAL,0,20,20,False,False,0,0,False
1000006,NOMINAL,1,20,36,True,False,0,0,False
1000006,NOMINAL,2,20,7,True,True,0,0,False
1000006,NOMINAL,3,20,7,True,True,0,0,False
1000006,NOMINAL,4,20,7,True,True,0,0,False
1000006,NOMINAL,5,20,7,True,True,0,0,False
1000006,NOMINAL,6,20,7,True,True,0,0,False
1000006,NOMINAL,7,20,7,True,True,2,0,True
1000006,NOMINAL,8,20,7,True,True,2,0,True
1000006,NOMINAL,9,20,7,True,True,2,0,True
1000006,NOMINAL,10,20,7,True,True,2,2,False
1000006,NOMINAL,11,20,7,True,True,4,2,True
1000006,PHYSICAL_SHIFT,0,20,20,False,False,0,0,False
1000006,PHYSICAL_SHIFT,1,20,36,True,False,0,0,False
1000006,PHYSICAL_SHIFT,2,20,7,True,True,0,0,False
1000006,PHYSICAL_SHIFT,3,20,7,True,True,0,0,False
1000006,PHYSICAL_SHIFT,4,20,7,True,True,0,0,False
1000006,PHYSICAL_SHIFT,5,20,7,True,True,0,0,False
1000006,PHYSICAL_SHIFT,6,20,7,True,True,2,0,True
1000006,PHYSICAL_SHIFT,7,20,7,True,True,2,0,True
1000006,PHYSICAL_SHIFT,8,20,7,True,True,4,2,True
1000006,PHYSICAL_SHIFT,9,20,7,True,True,4,2,True
1000006,PHYSICAL_SHIFT,10,20,7,True,True,4,4,False
1000006,PHYSICAL_SHIFT,11,20,7,True,True,4,4,False
1000007,NOMINAL,0,20,20,False,False,0,0,False
1000007,NOMINAL,1,20,36,True,False,0,0,False
1000007,NOMINAL,2,20,7,True,True,0,0,False
1000007,NOMINAL,3,20,7,True,True,0,0,False
1000007,NOMINAL,4,20,7,True,True,0,0,False
1000007,NOMINAL,5,20,7,True,True,0,0,False
1000007,NOMINAL,6,20,7,True,True,0,0,False
1000007,NOMINAL,7,20,7,True,True,1,0,True
1000007,NOMINAL,8,20,7,True,True,1,0,True
1000007,NOMINAL,9,20,7,True,True,3,0,True
1000007,NOMINAL,10,20,7,True,True,3,1,True
1000007,NOMINAL,11,20,7,True,True,4,2,True
1000007,PHYSICAL_SHIFT,0,20,20,False,False,0,0,False
1000007,PHYSICAL_SHIFT,1,20,36,True,False,0,0,False
1000007,PHYSICAL_SHIFT,2,20,7,True,True,0,0,False
1000007,PHYSICAL_SHIFT,3,20,7,True,True,0,0,False
1000007,PHYSICAL_SHIFT,4,20,7,True,True,0,0,False
1000007,PHYSICAL_SHIFT,5,20,7,True,True,0,0,False
1000007,PHYSICAL_SHIFT,6,20,7,True,True,1,0,True
1000007,PHYSICAL_SHIFT,7,20,7,True,True,3,0,True
1000007,PHYSICAL_SHIFT,8,20,7,True,True,4,1,True
1000007,PHYSICAL_SHIFT,9,20,7,True,True,4,3,True
1000007,PHYSICAL_SHIFT,10,20,7,True,True,4,4,False
1000007,PHYSICAL_SHIFT,11,20,7,True,True,4,4,False
1000008,NOMINAL,0,20,7,True,True,0,0,False
1000008,NOMINAL,1,20,7,True,True,0,0,False
1000008,NOMINAL,2,20,7,True,True,0,0,False
1000008,NOMINAL,3,20,7,True,True,0,0,False
1000008,NOMINAL,4,20,7,True,True,0,0,False
1000008,NOMINAL,5,20,7,True,True,0,0,False
1000008,NOMINAL,6,20,7,True,True,1,0,True
1000008,NOMINAL,7,20,7,True,True,2,0,True
1000008,NOMINAL,8,20,7,True,True,2,0,True
1000008,NOMINAL,9,20,7,True,True,2,1,True
1000008,NOMINAL,10,20,7,True,True,3,2,True
1000008,NOMINAL,11,20,7,True,True,3,2,True
1000008,PHYSICAL_SHIFT,0,20,7,True,True,0,0,False
1000008,PHYSICAL_SHIFT,1,20,7,True,True,0,0,False
1000008,PHYSICAL_SHIFT,2,20,7,True,True,0,0,False
1000008,PHYSICAL_SHIFT,3,20,7,True,True,0,0,False
1000008,PHYSICAL_SHIFT,4,20,7,True,True,0,0,False
1000008,PHYSICAL_SHIFT,5,20,7,True,True,0,0,False
1000008,PHYSICAL_SHIFT,6,20,7,True,True,2,0,True
1000008,PHYSICAL_SHIFT,7,20,7,True,True,2,0,True
1000008,PHYSICAL_SHIFT,8,20,7,True,True,3,2,True
1000008,PHYSICAL_SHIFT,9,20,7,True,True,4,2,True
1000008,PHYSICAL_SHIFT,10,20,7,True,True,4,3,True
1000008,PHYSICAL_SHIFT,11,20,7,True,True,4,4,False
1000009,NOMINAL,0,20,20,False,False,0,0,False
1000009,NOMINAL,1,20,20,False,False,0,0,False
1000009,NOMINAL,2,20,36,True,False,0,0,False
1000009,NOMINAL,3,20,36,True,False,0,0,False
1000009,NOMINAL,4,20,7,True,True,0,0,False
1000009,NOMINAL,5,20,7,True,True,0,0,False
1000009,NOMINAL,6,20,7,True,True,0,0,False
1000009,NOMINAL,7,20,7,True,True,0,0,False
1000009,NOMINAL,8,20,7,True,True,0,0,False
1000009,NOMINAL,9,20,7,True,True,2,0,True
1000009,NOMINAL,10,20,7,True,True,3,0,True
1000009,NOMINAL,11,20,7,True,True,4,0,True
1000009,PHYSICAL_SHIFT,0,20,20,False,False,0,0,False
1000009,PHYSICAL_SHIFT,1,20,20,False,False,0,0,False
1000009,PHYSICAL_SHIFT,2,20,36,True,False,0,0,False
1000009,PHYSICAL_SHIFT,3,20,36,True,False,0,0,False
1000009,PHYSICAL_SHIFT,4,20,7,True,True,0,0,False
1000009,PHYSICAL_SHIFT,5,20,7,True,True,0,0,False
1000009,PHYSICAL_SHIFT,6,20,7,True,True,0,0,False
1000009,PHYSICAL_SHIFT,7,20,7,True,True,2,0,True
1000009,PHYSICAL_SHIFT,8,20,7,True,True,4,0,True
1000009,PHYSICAL_SHIFT,9,20,7,True,True,4,2,True
1000009,PHYSICAL_SHIFT,10,20,7,True,True,4,4,False
1000009,PHYSICAL_SHIFT,11,20,7,True,True,4,4,False
1000010,NOMINAL,0,20,20,False,False,0,0,False
1000010,NOMINAL,1,20,7,True,True,0,0,False
1000010,NOMINAL,2,20,7,True,True,0,0,False
1000010,NOMINAL,3,20,7,True,True,0,0,False
1000010,NOMINAL,4,20,7,True,True,0,0,False
1000010,NOMINAL,5,20,7,True,True,0,0,False
1000010,NOMINAL,6,20,7,True,True,0,0,False
1000010,NOMINAL,7,20,7,True,True,2,0,True
1000010,NOMINAL,8,20,7,True,True,2,0,True
1000010,NOMINAL,9,20,7,True,True,4,0,True
1000010,NOMINAL,10,20,7,True,True,4,2,True
1000010,NOMINAL,11,20,7,True,True,4,3,True
1000010,PHYSICAL_SHIFT,0,20,20,False,False,0,0,False
1000010,PHYSICAL_SHIFT,1,20,7,True,True,0,0,False
1000010,PHYSICAL_SHIFT,2,20,7,True,True,0,0,False
1000010,PHYSICAL_SHIFT,3,20,7,True,True,0,0,False
1000010,PHYSICAL_SHIFT,4,20,7,True,True,0,0,False
1000010,PHYSICAL_SHIFT,5,20,7,True,True,0,0,False
1000010,PHYSICAL_SHIFT,6,20,7,True,True,2,0,True
1000010,PHYSICAL_SHIFT,7,20,7,True,True,4,0,True
1000010,PHYSICAL_SHIFT,8,20,7,True,True,4,2,True
1000010,PHYSICAL_SHIFT,9,20,7,True,True,4,4,False
1000010,PHYSICAL_SHIFT,10,20,7,True,True,4,4,False
1000010,PHYSICAL_SHIFT,11,20,7,True,True,4,4,False
1000011,NOMINAL,0,20,20,False,False,0,0,False
1000011,NOMINAL,1,20,36,True,False,0,0,False
1000011,NOMINAL,2,20,7,True,True,0,0,False
1000011,NOMINAL,3,20,7,True,True,0,0,False
1000011,NOMINAL,4,20,7,True,True,0,0,False
1000011,NOMINAL,5,20,7,True,True,0,0,False
1000011,NOMINAL,6,20,7,True,True,0,0,False
1000011,NOMINAL,7,20,7,True,True,2,0,True
1000011,NOMINAL,8,20,7,True,True,2,0,True
1000011,NOMINAL,9,20,7,True,True,2,0,True
1000011,NOMINAL,10,20,7,True,True,4,2,True
1000011,NOMINAL,11,20,7,True,True,4,2,True
1000011,PHYSICAL_SHIFT,0,20,20,False,False,0,0,False
1000011,PHYSICAL_SHIFT,1,20,36,True,False,0,0,False
1000011,PHYSICAL_SHIFT,2,20,7,True,True,0,0,False
1000011,PHYSICAL_SHIFT,3,20,7,True,True,0,0,False
1000011,PHYSICAL_SHIFT,4,20,7,True,True,0,0,False
1000011,PHYSICAL_SHIFT,5,20,7,True,True,0,0,False
1000011,PHYSICAL_SHIFT,6,20,7,True,True,2,0,True
1000011,PHYSICAL_SHIFT,7,20,7,True,True,2,0,True
1000011,PHYSICAL_SHIFT,8,20,7,True,True,4,2,True
1000011,PHYSICAL_SHIFT,9,20,7,True,True,4,2,True
1000011,PHYSICAL_SHIFT,10,20,7,True,True,4,4,False
1000011,PHYSICAL_SHIFT,11,20,7,True,True,4,4,False
1000012,NOMINAL,0,20,20,False,False,0,0,False
1000012,NOMINAL,1,20,36,True,False,0,0,False
1000012,NOMINAL,2,20,7,True,True,0,0,False
1000012,NOMINAL,3,20,7,True,True,0,0,False
1000012,NOMINAL,4,20,7,True,True,0,0,False
1000012,NOMINAL,5,20,7,True,True,0,0,False
1000012,NOMINAL,6,20,7,True,True,0,0,False
1000012,NOMINAL,7,20,7,True,True,2,0,True
1000012,NOMINAL,8,20,7,True,True,3,0,True
1000012,NOMINAL,9,20,7,True,True,3,0,True
1000012,NOMINAL,10,20,7,True,True,3,2,True
1000012,NOMINAL,11,20,7,True,True,3,3,False
1000012,PHYSICAL_SHIFT,0,20,20,False,False,0,0,False
1000012,PHYSICAL_SHIFT,1,20,36,True,False,0,0,False
1000012,PHYSICAL_SHIFT,2,20,7,True,True,0,0,False
1000012,PHYSICAL_SHIFT,3,20,7,True,True,0,0,False
1000012,PHYSICAL_SHIFT,4,20,7,True,True,0,0,False
1000012,PHYSICAL_SHIFT,5,20,7,True,True,0,0,False
1000012,PHYSICAL_SHIFT,6,20,7,True,True,1,0,True
1000012,PHYSICAL_SHIFT,7,20,7,True,True,3,0,True
1000012,PHYSICAL_SHIFT,8,20,7,True,True,3,2,True
1000012,PHYSICAL_SHIFT,9,20,7,True,True,4,3,True
1000012,PHYSICAL_SHIFT,10,20,7,True,True,4,3,True
1000012,PHYSICAL_SHIFT,11,20,7,True,True,4,4,False
1000013,NOMINAL,0,20,20,False,False,0,0,False
1000013,NOMINAL,1,20,36,True,False,0,0,False
1000013,NOMINAL,2,20,7,True,True,0,0,False
1000013,NOMINAL,3,20,7,True,True,0,0,False
1000013,NOMINAL,4,20,7,True,True,0,0,False
1000013,NOMINAL,5,20,7,True,True,0,0,False
1000013,NOMINAL,6,20,7,True,True,0,0,False
1000013,NOMINAL,7,20,7,True,True,1,0,True
1000013,NOMINAL,8,20,7,True,True,1,0,True
1000013,NOMINAL,9,20,7,True,True,2,0,True
1000013,NOMINAL,10,20,7,True,True,2,0,True
1000013,NOMINAL,11,20,7,True,True,3,1,True
1000013,PHYSICAL_SHIFT,0,20,20,False,False,0,0,False
1000013,PHYSICAL_SHIFT,1,20,36,True,False,0,0,False
1000013,PHYSICAL_SHIFT,2,20,7,True,True,0,0,False
1000013,PHYSICAL_SHIFT,3,20,7,True,True,0,0,False
1000013,PHYSICAL_SHIFT,4,20,7,True,True,0,0,False
1000013,PHYSICAL_SHIFT,5,20,7,True,True,0,0,False
1000013,PHYSICAL_SHIFT,6,20,7,True,True,1,0,True
1000013,PHYSICAL_SHIFT,7,20,7,True,True,2,0,True
1000013,PHYSICAL_SHIFT,8,20,7,True,True,2,1,True
1000013,PHYSICAL_SHIFT,9,20,7,True,True,3,2,True
1000013,PHYSICAL_SHIFT,10,20,7,True,True,4,3,True
1000013,PHYSICAL_SHIFT,11,20,7,True,True,4,3,True
1000014,NOMINAL,0,20,20,False,False,0,0,False
1000014,NOMINAL,1,20,36,True,False,0,0,False
1000014,NOMINAL,2,20,7,True,True,0,0,False
1000014,NOMINAL,3,20,7,True,True,0,0,False
1000014,NOMINAL,4,20,7,True,True,0,0,False
1000014,NOMINAL,5,20,7,True,True,0,0,False
1000014,NOMINAL,6,20,7,True,True,0,0,False
1000014,NOMINAL,7,20,7,True,True,0,0,False
1000014,NOMINAL,8,20,7,True,True,3,0,True
1000014,NOMINAL,9,20,7,True,True,4,0,True
1000014,NOMINAL,10,20,7,True,True,4,0,True
1000014,NOMINAL,11,20,7,True,True,4,3,True
1000014,PHYSICAL_SHIFT,0,20,20,False,False,0,0,False
1000014,PHYSICAL_SHIFT,1,20,36,True,False,0,0,False
1000014,PHYSICAL_SHIFT,2,20,7,True,True,0,0,False
1000014,PHYSICAL_SHIFT,3,20,7,True,True,0,0,False
1000014,PHYSICAL_SHIFT,4,20,7,True,True,0,0,False
1000014,PHYSICAL_SHIFT,5,20,7,True,True,0,0,False
1000014,PHYSICAL_SHIFT,6,20,7,True,True,0,0,False
1000014,PHYSICAL_SHIFT,7,20,7,True,True,4,0,True
1000014,PHYSICAL_SHIFT,8,20,7,True,True,4,0,True
1000014,PHYSICAL_SHIFT,9,20,7,True,True,4,4,False
1000014,PHYSICAL_SHIFT,10,20,7,True,True,4,4,False
1000014,PHYSICAL_SHIFT,11,20,7,True,True,4,4,False
1000015,NOMINAL,0,20,20,False,False,0,0,False
1000015,NOMINAL,1,20,36,True,False,0,0,False
1000015,NOMINAL,2,20,7,True,True,0,0,False
1000015,NOMINAL,3,20,7,True,True,0,0,False
1000015,NOMINAL,4,20,7,True,True,0,0,False
1000015,NOMINAL,5,20,7,True,True,0,0,False
1000015,NOMINAL,6,20,7,True,True,0,0,False
1000015,NOMINAL,7,20,7,True,True,1,0,True
1000015,NOMINAL,8,20,7,True,True,1,0,True
1000015,NOMINAL,9,20,7,True,True,1,0,True
1000015,NOMINAL,10,20,7,True,True,1,1,False
1000015,NOMINAL,11,20,7,True,True,3,1,True
1000015,PHYSICAL_SHIFT,0,20,20,False,False,0,0,False
1000015,PHYSICAL_SHIFT,1,20,36,True,False,0,0,False
1000015,PHYSICAL_SHIFT,2,20,7,True,True,0,0,False
1000015,PHYSICAL_SHIFT,3,20,7,True,True,0,0,False
1000015,PHYSICAL_SHIFT,4,20,7,True,True,0,0,False
1000015,PHYSICAL_SHIFT,5,20,7,True,True,0,0,False
1000015,PHYSICAL_SHIFT,6,20,7,True,True,1,0,True
1000015,PHYSICAL_SHIFT,7,20,7,True,True,1,0,True
1000015,PHYSICAL_SHIFT,8,20,7,True,True,3,1,True
1000015,PHYSICAL_SHIFT,9,20,7,True,True,4,1,True
1000015,PHYSICAL_SHIFT,10,20,7,True,True,4,3,True
1000015,PHYSICAL_SHIFT,11,20,7,True,True,4,4,False
1000016,NOMINAL,0,20,20,False,False,0,0,False
1000016,NOMINAL,1,20,20,False,False,0,0,False
1000016,NOMINAL,2,20,20,False,False,0,0,False
1000016,NOMINAL,3,20,20,False,False,0,0,False
1000016,NOMINAL,4,20,7,True,True,0,0,False
1000016,NOMINAL,5,20,7,True,True,0,0,False
1000016,NOMINAL,6,20,7,True,True,0,0,False
1000016,NOMINAL,7,20,7,True,True,0,0,False
1000016,NOMINAL,8,20,7,True,True,0,0,False
1000016,NOMINAL,9,20,7,True,True,1,0,True
1000016,NOMINAL,10,20,7,True,True,2,0,True
1000016,NOMINAL,11,20,7,True,True,3,0,True
1000016,PHYSICAL_SHIFT,0,20,20,False,False,0,0,False
1000016,PHYSICAL_SHIFT,1,20,20,False,False,0,0,False
1000016,PHYSICAL_SHIFT,2,20,20,False,False,0,0,False
1000016,PHYSICAL_SHIFT,3,20,20,False,False,0,0,False
1000016,PHYSICAL_SHIFT,4,20,7,True,True,0,0,False
1000016,PHYSICAL_SHIFT,5,20,7,True,True,0,0,False
1000016,PHYSICAL_SHIFT,6,20,7,True,True,0,0,False
1000016,PHYSICAL_SHIFT,7,20,7,True,True,1,0,True
1000016,PHYSICAL_SHIFT,8,20,7,True,True,3,0,True
1000016,PHYSICAL_SHIFT,9,20,7,True,True,4,1,True
1000016,PHYSICAL_SHIFT,10,20,7,True,True,4,3,True
1000016,PHYSICAL_SHIFT,11,20,7,True,True,4,4,False
1000017,NOMINAL,0,20,7,True,True,0,0,False
1000017,NOMINAL,1,20,7,True,True,0,0,False
1000017,NOMINAL,2,20,7,True,True,0,0,False
1000017,NOMINAL,3,20,7,True,True,0,0,False
1000017,NOMINAL,4,20,7,True,True,0,0,False
1000017,NOMINAL,5,20,7,True,True,0,0,False
1000017,NOMINAL,6,20,7,True,True,1,0,True
1000017,NOMINAL,7,20,7,True,True,1,0,True
1000017,NOMINAL,8,20,7,True,True,1,0,True
1000017,NOMINAL,9,20,7,True,True,2,1,True
1000017,NOMINAL,10,20,7,True,True,2,1,True
1000017,NOMINAL,11,20,7,True,True,3,1,True
1000017,PHYSICAL_SHIFT,0,20,7,True,True,0,0,False
1000017,PHYSICAL_SHIFT,1,20,7,True,True,0,0,False
1000017,PHYSICAL_SHIFT,2,20,7,True,True,0,0,False
1000017,PHYSICAL_SHIFT,3,20,7,True,True,0,0,False
1000017,PHYSICAL_SHIFT,4,20,7,True,True,0,0,False
1000017,PHYSICAL_SHIFT,5,20,7,True,True,0,0,False
1000017,PHYSICAL_SHIFT,6,20,7,True,True,1,0,True
1000017,PHYSICAL_SHIFT,7,20,7,True,True,2,0,True
1000017,PHYSICAL_SHIFT,8,20,7,True,True,3,1,True
1000017,PHYSICAL_SHIFT,9,20,7,True,True,4,2,True
1000017,PHYSICAL_SHIFT,10,20,7,True,True,4,3,True
1000017,PHYSICAL_SHIFT,11,20,7,True,True,4,4,False
1000018,NOMINAL,0,20,7,True,True,0,0,False
1000018,NOMINAL,1,20,7,True,True,0,0,False
1000018,NOMINAL,2,20,7,True,True,0,0,False
1000018,NOMINAL,3,20,7,True,True,0,0,False
1000018,NOMINAL,4,20,7,True,True,0,0,False
1000018,NOMINAL,5,20,7,True,True,0,0,False
1000018,NOMINAL,6,20,7,True,True,1,0,True
1000018,NOMINAL,7,20,7,True,True,1,0,True
1000018,NOMINAL,8,20,7,True,True,3,0,True
1000018,NOMINAL,9,20,7,True,True,3,1,True
1000018,NOMINAL,10,20,7,True,True,3,1,True
1000018,NOMINAL,11,20,7,True,True,3,3,False
1000018,PHYSICAL_SHIFT,0,20,7,True,True,0,0,False
1000018,PHYSICAL_SHIFT,1,20,7,True,True,0,0,False
1000018,PHYSICAL_SHIFT,2,20,7,True,True,0,0,False
1000018,PHYSICAL_SHIFT,3,20,7,True,True,0,0,False
1000018,PHYSICAL_SHIFT,4,20,7,True,True,0,0,False
1000018,PHYSICAL_SHIFT,5,20,7,True,True,0,0,False
1000018,PHYSICAL_SHIFT,6,20,7,True,True,1,0,True
1000018,PHYSICAL_SHIFT,7,20,7,True,True,3,0,True
1000018,PHYSICAL_SHIFT,8,20,7,True,True,3,1,True
1000018,PHYSICAL_SHIFT,9,20,7,True,True,4,3,True
1000018,PHYSICAL_SHIFT,10,20,7,True,True,4,3,True
1000018,PHYSICAL_SHIFT,11,20,7,True,True,4,4,False
1000019,NOMINAL,0,20,20,False,False,0,0,False
1000019,NOMINAL,1,20,20,False,False,0,0,False
1000019,NOMINAL,2,20,20,False,False,0,0,False
1000019,NOMINAL,3,20,36,True,False,0,0,False
1000019,NOMINAL,4,20,7,True,True,0,0,False
1000019,NOMINAL,5,20,7,True,True,0,0,False
1000019,NOMINAL,6,20,7,True,True,0,0,False
1000019,NOMINAL,7,20,7,True,True,0,0,False
1000019,NOMINAL,8,20,7,True,True,0,0,False
1000019,NOMINAL,9,20,7,True,True,1,0,True
1000019,NOMINAL,10,20,7,True,True,3,0,True
1000019,NOMINAL,11,20,7,True,True,4,0,True
1000019,PHYSICAL_SHIFT,0,20,20,False,False,0,0,False
1000019,PHYSICAL_SHIFT,1,20,20,False,False,0,0,False
1000019,PHYSICAL_SHIFT,2,20,20,False,False,0,0,False
1000019,PHYSICAL_SHIFT,3,20,36,True,False,0,0,False
1000019,PHYSICAL_SHIFT,4,20,7,True,True,0,0,False
1000019,PHYSICAL_SHIFT,5,20,7,True,True,0,0,False
1000019,PHYSICAL_SHIFT,6,20,7,True,True,0,0,False
1000019,PHYSICAL_SHIFT,7,20,7,True,True,1,0,True
1000019,PHYSICAL_SHIFT,8,20,7,True,True,4,0,True
1000019,PHYSICAL_SHIFT,9,20,7,True,True,4,1,True
1000019,PHYSICAL_SHIFT,10,20,7,True,True,4,4,False
1000019,PHYSICAL_SHIFT,11,20,7,True,True,4,4,False
1000020,NOMINAL,0,20,20,False,False,0,0,False
1000020,NOMINAL,1,20,20,False,False,0,0,False
1000020,NOMINAL,2,20,36,True,False,0,0,False
1000020,NOMINAL,3,20,7,True,True,0,0,False
1000020,NOMINAL,4,20,7,True,True,0,0,False
1000020,NOMINAL,5,20,7,True,True,0,0,False
1000020,NOMINAL,6,20,7,True,True,0,0,False
1000020,NOMINAL,7,20,7,True,True,0,0,False
1000020,NOMINAL,8,20,7,True,True,3,0,True
1000020,NOMINAL,9,20,7,True,True,3,0,True
1000020,NOMINAL,10,20,7,True,True,3,0,True
1000020,NOMINAL,11,20,7,True,True,3,3,False
1000020,PHYSICAL_SHIFT,0,20,20,False,False,0,0,False
1000020,PHYSICAL_SHIFT,1,20,20,False,False,0,0,False
1000020,PHYSICAL_SHIFT,2,20,36,True,False,0,0,False
1000020,PHYSICAL_SHIFT,3,20,7,True,True,0,0,False
1000020,PHYSICAL_SHIFT,4,20,7,True,True,0,0,False
1000020,PHYSICAL_SHIFT,5,20,7,True,True,0,0,False
1000020,PHYSICAL_SHIFT,6,20,7,True,True,1,0,True
1000020,PHYSICAL_SHIFT,7,20,7,True,True,3,0,True
1000020,PHYSICAL_SHIFT,8,20,7,True,True,3,0,True
1000020,PHYSICAL_SHIFT,9,20,7,True,True,4,3,True
1000020,PHYSICAL_SHIFT,10,20,7,True,True,4,3,True
1000020,PHYSICAL_SHIFT,11,20,7,True,True,4,4,False
