control,V,K,regime,preview_mode,action_id,count,fraction_of_240_decisions
channel0,0,48,COMMON_BIAS,faithful,22,9,0.0375
channel0,0,48,COMMON_BIAS,faithful,26,180,0.75
channel0,0,48,COMMON_BIAS,faithful,30,51,0.2125
channel0,0,48,NOMINAL,faithful,22,9,0.0375
channel0,0,48,NOMINAL,faithful,26,180,0.75
channel0,0,48,NOMINAL,faithful,30,51,0.2125
channel0,1,4,NOMINAL,faithful,0,149,0.6208333333333333
channel0,1,4,NOMINAL,faithful,7,13,0.05416666666666667
channel0,1,4,NOMINAL,faithful,11,13,0.05416666666666667
channel0,1,4,NOMINAL,faithful,16,18,0.075
channel0,1,4,NOMINAL,faithful,20,18,0.075
channel0,1,4,NOMINAL,faithful,32,14,0.058333333333333334
channel0,1,4,NOMINAL,faithful,36,15,0.0625
channel0,1,4,PHYSICAL_SHIFT,faithful,0,149,0.6208333333333333
channel0,1,4,PHYSICAL_SHIFT,faithful,7,13,0.05416666666666667
channel0,1,4,PHYSICAL_SHIFT,faithful,11,13,0.05416666666666667
channel0,1,4,PHYSICAL_SHIFT,faithful,16,18,0.075
channel0,1,4,PHYSICAL_SHIFT,faithful,20,18,0.075
channel0,1,4,PHYSICAL_SHIFT,faithful,32,14,0.058333333333333334
channel0,1,4,PHYSICAL_SHIFT,faithful,36,15,0.0625
channel0,1,4,PHYSICAL_SHIFT,nominal,0,149,0.6208333333333333
channel0,1,4,PHYSICAL_SHIFT,nominal,7,13,0.05416666666666667
channel0,1,4,PHYSICAL_SHIFT,nominal,11,13,0.05416666666666667
channel0,1,4,PHYSICAL_SHIFT,nominal,16,18,0.075
channel0,1,4,PHYSICAL_SHIFT,nominal,20,18,0.075
channel0,1,4,PHYSICAL_SHIFT,nominal,32,14,0.058333333333333334
channel0,1,4,PHYSICAL_SHIFT,nominal,36,15,0.0625
channel0,1,48,COMMON_BIAS,faithful,20,240,1.0
channel0,1,48,NOMINAL,faithful,20,240,1.0
channel0,1,48,PHYSICAL_SHIFT,faithful,20,240,1.0
channel0,1,48,PHYSICAL_SHIFT,nominal,20,240,1.0
channel2,0,48,COMMON_BIAS,faithful,15,12,0.05
channel2,0,48,COMMON_BIAS,faithful,20,159,0.6625
channel2,0,48,COMMON_BIAS,faithful,28,19,0.07916666666666666
channel2,0,48,COMMON_BIAS,faithful,36,36,0.15
channel2,0,48,COMMON_BIAS,faithful,44,14,0.058333333333333334
channel2,0,48,NOMINAL,faithful,15,24,0.1
channel2,0,48,NOMINAL,faithful,20,125,0.5208333333333334
channel2,0,48,NOMINAL,faithful,36,76,0.31666666666666665
channel2,0,48,NOMINAL,faithful,44,15,0.0625
channel2,1,4,PHYSICAL_SHIFT,faithful,0,163,0.6791666666666667
channel2,1,4,PHYSICAL_SHIFT,faithful,7,14,0.058333333333333334
channel2,1,4,PHYSICAL_SHIFT,faithful,11,13,0.05416666666666667
channel2,1,4,PHYSICAL_SHIFT,faithful,16,2,0.008333333333333333
channel2,1,4,PHYSICAL_SHIFT,faithful,20,18,0.075
channel2,1,4,PHYSICAL_SHIFT,faithful,32,16,0.06666666666666667
channel2,1,4,PHYSICAL_SHIFT,faithful,36,14,0.058333333333333334
channel2,1,4,PHYSICAL_SHIFT,nominal,0,163,0.6791666666666667
channel2,1,4,PHYSICAL_SHIFT,nominal,7,14,0.058333333333333334
channel2,1,4,PHYSICAL_SHIFT,nominal,11,13,0.05416666666666667
channel2,1,4,PHYSICAL_SHIFT,nominal,16,2,0.008333333333333333
channel2,1,4,PHYSICAL_SHIFT,nominal,20,18,0.075
channel2,1,4,PHYSICAL_SHIFT,nominal,32,16,0.06666666666666667
channel2,1,4,PHYSICAL_SHIFT,nominal,36,14,0.058333333333333334
channel2,1,48,COMMON_BIAS,faithful,7,13,0.05416666666666667
channel2,1,48,COMMON_BIAS,faithful,16,1,0.004166666666666667
channel2,1,48,COMMON_BIAS,faithful,20,178,0.7416666666666667
channel2,1,48,COMMON_BIAS,faithful,36,48,0.2
channel2,1,48,NOMINAL,faithful,7,19,0.07916666666666666
channel2,1,48,NOMINAL,faithful,20,122,0.5083333333333333
channel2,1,48,NOMINAL,faithful,36,99,0.4125
channel2,1,48,PHYSICAL_SHIFT,faithful,7,18,0.075
channel2,1,48,PHYSICAL_SHIFT,faithful,20,124,0.5166666666666667
channel2,1,48,PHYSICAL_SHIFT,faithful,36,98,0.4083333333333333
channel2,1,48,PHYSICAL_SHIFT,nominal,7,26,0.10833333333333334
channel2,1,48,PHYSICAL_SHIFT,nominal,20,122,0.5083333333333333
channel2,1,48,PHYSICAL_SHIFT,nominal,36,92,0.38333333333333336
copies0,0,48,COMMON_BIAS,faithful,22,9,0.0375
copies0,0,48,COMMON_BIAS,faithful,26,180,0.75
copies0,0,48,COMMON_BIAS,faithful,30,51,0.2125
copies0,0,48,NOMINAL,faithful,22,9,0.0375
copies0,0,48,NOMINAL,faithful,26,180,0.75
copies0,0,48,NOMINAL,faithful,30,51,0.2125
copies0,1,48,COMMON_BIAS,faithful,20,240,1.0
copies0,1,48,NOMINAL,faithful,20,240,1.0
mean,0,48,COMMON_BIAS,faithful,9,37,0.15416666666666667
mean,0,48,COMMON_BIAS,faithful,22,87,0.3625
mean,0,48,COMMON_BIAS,faithful,26,70,0.2916666666666667
mean,0,48,COMMON_BIAS,faithful,30,46,0.19166666666666668
mean,0,48,NOMINAL,faithful,9,111,0.4625
mean,0,48,NOMINAL,faithful,18,1,0.004166666666666667
mean,0,48,NOMINAL,faithful,22,108,0.45
mean,0,48,NOMINAL,faithful,30,20,0.08333333333333333
mean,1,48,COMMON_BIAS,faithful,7,20,0.08333333333333333
mean,1,48,COMMON_BIAS,faithful,20,197,0.8208333333333333
mean,1,48,COMMON_BIAS,faithful,36,23,0.09583333333333334
mean,1,48,NOMINAL,faithful,7,36,0.15
mean,1,48,NOMINAL,faithful,20,122,0.5083333333333333
mean,1,48,NOMINAL,faithful,36,82,0.3416666666666667
median,0,48,COMMON_BIAS,faithful,3,75,0.3125
median,0,48,COMMON_BIAS,faithful,5,12,0.05
median,0,48,COMMON_BIAS,faithful,9,68,0.2833333333333333
median,0,48,COMMON_BIAS,faithful,13,7,0.029166666666666667
median,0,48,COMMON_BIAS,faithful,15,1,0.004166666666666667
median,0,48,COMMON_BIAS,faithful,22,53,0.22083333333333333
median,0,48,COMMON_BIAS,faithful,30,18,0.075
median,0,48,COMMON_BIAS,faithful,34,1,0.004166666666666667
median,0,48,COMMON_BIAS,faithful,38,1,0.004166666666666667
median,0,48,COMMON_BIAS,faithful,46,4,0.016666666666666666
median,0,48,NOMINAL,faithful,3,75,0.3125
median,0,48,NOMINAL,faithful,5,12,0.05
median,0,48,NOMINAL,faithful,9,68,0.2833333333333333
median,0,48,NOMINAL,faithful,13,7,0.029166666666666667
median,0,48,NOMINAL,faithful,15,1,0.004166666666666667
median,0,48,NOMINAL,faithful,22,53,0.22083333333333333
median,0,48,NOMINAL,faithful,30,18,0.075
median,0,48,NOMINAL,faithful,34,1,0.004166666666666667
median,0,48,NOMINAL,faithful,38,1,0.004166666666666667
median,0,48,NOMINAL,faithful,46,4,0.016666666666666666
median,1,4,PHYSICAL_SHIFT,faithful,0,163,0.6791666666666667
median,1,4,PHYSICAL_SHIFT,faithful,7,14,0.058333333333333334
median,1,4,PHYSICAL_SHIFT,faithful,11,13,0.05416666666666667
median,1,4,PHYSICAL_SHIFT,faithful,16,2,0.008333333333333333
median,1,4,PHYSICAL_SHIFT,faithful,20,18,0.075
median,1,4,PHYSICAL_SHIFT,faithful,32,16,0.06666666666666667
median,1,4,PHYSICAL_SHIFT,faithful,36,14,0.058333333333333334
median,1,4,PHYSICAL_SHIFT,nominal,0,163,0.6791666666666667
median,1,4,PHYSICAL_SHIFT,nominal,7,14,0.058333333333333334
median,1,4,PHYSICAL_SHIFT,nominal,11,13,0.05416666666666667
median,1,4,PHYSICAL_SHIFT,nominal,16,2,0.008333333333333333
median,1,4,PHYSICAL_SHIFT,nominal,20,18,0.075
median,1,4,PHYSICAL_SHIFT,nominal,32,16,0.06666666666666667
median,1,4,PHYSICAL_SHIFT,nominal,36,14,0.058333333333333334
median,1,48,COMMON_BIAS,faithful,7,15,0.0625
median,1,48,COMMON_BIAS,faithful,16,2,0.008333333333333333
median,1,48,COMMON_BIAS,faithful,20,189,0.7875
median,1,48,COMMON_BIAS,faithful,36,34,0.14166666666666666
median,1,48,NOMINAL,faithful,7,28,0.11666666666666667
median,1,48,NOMINAL,faithful,20,121,0.5041666666666667
median,1,48,NOMINAL,faithful,36,91,0.37916666666666665
median,1,48,PHYSICAL_SHIFT,faithful,7,25,0.10416666666666667
median,1,48,PHYSICAL_SHIFT,faithful,20,123,0.5125
median,1,48,PHYSICAL_SHIFT,faithful,36,92,0.38333333333333336
median,1,48,PHYSICAL_SHIFT,nominal,7,33,0.1375
median,1,48,PHYSICAL_SHIFT,nominal,20,120,0.5
median,1,48,PHYSICAL_SHIFT,nominal,36,87,0.3625
repeat0,0,48,COMMON_BIAS,faithful,22,5,0.020833333333333332
repeat0,0,48,COMMON_BIAS,faithful,26,181,0.7541666666666667
repeat0,0,48,COMMON_BIAS,faithful,30,54,0.225
repeat0,0,48,NOMINAL,faithful,22,5,0.020833333333333332
repeat0,0,48,NOMINAL,faithful,26,181,0.7541666666666667
repeat0,0,48,NOMINAL,faithful,30,54,0.225
repeat0,1,48,COMMON_BIAS,faithful,20,240,1.0
repeat0,1,48,NOMINAL,faithful,20,240,1.0
rho90,0,48,COMMON_BIAS,faithful,3,70,0.2916666666666667
rho90,0,48,COMMON_BIAS,faithful,5,18,0.075
rho90,0,48,COMMON_BIAS,faithful,9,66,0.275
rho90,0,48,COMMON_BIAS,faithful,13,12,0.05
rho90,0,48,COMMON_BIAS,faithful,22,51,0.2125
rho90,0,48,COMMON_BIAS,faithful,30,17,0.07083333333333333
rho90,0,48,COMMON_BIAS,faithful,38,1,0.004166666666666667
rho90,0,48,COMMON_BIAS,faithful,46,5,0.020833333333333332
rho90,0,48,NOMINAL,faithful,3,70,0.2916666666666667
rho90,0,48,NOMINAL,faithful,5,18,0.075
rho90,0,48,NOMINAL,faithful,9,66,0.275
rho90,0,48,NOMINAL,faithful,13,12,0.05
rho90,0,48,NOMINAL,faithful,22,51,0.2125
rho90,0,48,NOMINAL,faithful,30,17,0.07083333333333333
rho90,0,48,NOMINAL,faithful,38,1,0.004166666666666667
rho90,0,48,NOMINAL,faithful,46,5,0.020833333333333332
rho90,1,48,COMMON_BIAS,faithful,7,14,0.058333333333333334
rho90,1,48,COMMON_BIAS,faithful,16,1,0.004166666666666667
rho90,1,48,COMMON_BIAS,faithful,20,179,0.7458333333333333
rho90,1,48,COMMON_BIAS,faithful,36,46,0.19166666666666668
rho90,1,48,NOMINAL,faithful,7,22,0.09166666666666666
rho90,1,48,NOMINAL,faithful,20,122,0.5083333333333333
rho90,1,48,NOMINAL,faithful,36,96,0.4
