control,V,K,regime,preview_mode,B,L,P,Y_A,Y_B,legal_repeat_rate,MAE_X,MAE_Y,coverage_X,coverage_Y,harm_count,denominator,queries,acquired_preview_values,exposed_preview_values,acquired_live_values,exposed_live_values,mean_decision_ms_17_unaudited_roots
channel0,0,48,NOMINAL,faithful,0.46614583333333337,0.05187708333333334,0.7147598958333334,0.6279437499999999,0.05187708333333334,0.0,0.037403124999999995,0.23003125,0.8390625,0.5,895,1920,4608,73728,73728,192,192,5.950847549184782
channel0,0,48,COMMON_BIAS,faithful,0.46614583333333337,0.05187708333333334,0.7147598958333334,0.6279437499999999,0.05187708333333334,0.0,0.037403124999999995,0.23003125,0.8390625,0.5,895,1920,4608,73728,73728,192,192,5.194794117557524
channel0,1,48,NOMINAL,faithful,0.11822916666666668,0.41375833333333334,0.6821588541666667,0.6279437499999999,0.41375833333333334,0.9166666666666667,0.011826041666666667,0.056906250000000005,1.0,0.5,227,1920,4608,73728,73728,192,192,5.007148040093336
channel0,1,48,COMMON_BIAS,faithful,0.11822916666666668,0.41375833333333334,0.6821588541666667,0.6279437499999999,0.41375833333333334,0.9166666666666667,0.011826041666666667,0.056906250000000005,1.0,0.5,227,1920,4608,73728,73728,192,192,5.430571568842211
median,0,48,NOMINAL,faithful,0.34375,0.32167291666666664,0.6480994791666667,0.5942770833333333,0.34019583333333336,0.0,0.09417656249999999,0.1263125,0.5020833333333333,0.5020833333333333,660,1920,4608,221184,221184,576,576,7.014221078219741
median,0,48,COMMON_BIAS,faithful,0.34375,0.32167291666666664,0.6480994791666667,0.5942770833333333,0.34019583333333336,0.0,0.09417656249999999,0.1263125,0.5020833333333333,0.5020833333333333,660,1920,4608,221184,221184,576,576,6.897142645874399
median,1,48,NOMINAL,faithful,0.0,0.5273416666666667,0.7065666666666667,0.6231104166666667,0.5273416666666667,0.33333333333333337,0.010123958333333332,0.011614583333333334,1.0,1.0,0,1920,4608,221184,221184,576,576,6.745941667616659
median,1,48,COMMON_BIAS,faithful,0.003645833333333333,0.494425,0.6962130208333334,0.62669375,0.494425,0.5791666666666668,0.009396354166666666,0.03313541666666666,1.0,0.75,7,1920,4608,221184,221184,576,576,6.872219606627957
channel2,0,48,NOMINAL,faithful,0.0,0.5298781249999999,0.7391776041666667,0.5822770833333333,0.5315083333333332,0.175,0.013289062499999999,0.01322916666666667,1.0,1.0,0,1920,4608,73728,73728,192,192,5.276256373012894
channel2,0,48,COMMON_BIAS,faithful,0.16458333333333333,0.4276791666666667,0.7358114583333333,0.5764437499999999,0.43125833333333335,0.4083333333333334,0.0122640625,0.03895833333333333,1.0,0.75,316,1920,4608,73728,73728,192,192,5.102129901620084
channel2,1,48,NOMINAL,faithful,0.0,0.528175,0.7131109375,0.6251104166666668,0.528175,0.2166666666666667,0.013417708333333334,0.01322916666666667,1.0,1.0,0,1920,4608,73728,73728,192,192,5.176377941240264
channel2,1,48,COMMON_BIAS,faithful,0.0026041666666666665,0.49967499999999987,0.7053614583333332,0.6266104166666666,0.49967499999999987,0.5166666666666667,0.012584895833333335,0.03445833333333334,1.0,0.7541666666666667,5,1920,4608,73728,73728,192,192,5.09504411785005
copies0,0,48,NOMINAL,faithful,0.46614583333333337,0.05187708333333334,0.7147598958333334,0.6279437499999999,0.05187708333333334,0.0,0.037403124999999995,0.23003125,0.8390625,0.5,895,1920,4608,73728,221184,192,576,6.787479903198569
copies0,0,48,COMMON_BIAS,faithful,0.46614583333333337,0.05187708333333334,0.7147598958333334,0.6279437499999999,0.05187708333333334,0.0,0.037403124999999995,0.23003125,0.8390625,0.5,895,1920,4608,73728,221184,192,576,6.463294118778625
copies0,1,48,NOMINAL,faithful,0.11822916666666668,0.41375833333333334,0.6821588541666667,0.6279437499999999,0.41375833333333334,0.9166666666666667,0.011826041666666667,0.056906250000000005,1.0,0.5,227,1920,4608,73728,221184,192,576,6.411866175054171
copies0,1,48,COMMON_BIAS,faithful,0.11822916666666668,0.41375833333333334,0.6821588541666667,0.6279437499999999,0.41375833333333334,0.9166666666666667,0.011826041666666667,0.056906250000000005,1.0,0.5,227,1920,4608,73728,221184,192,576,6.215457843448831
repeat0,0,48,NOMINAL,faithful,0.46614583333333337,0.049840625,0.7156416666666667,0.6279437499999999,0.049840625,0.0,0.03517708333333333,0.22888541666666667,0.8437500000000002,0.5,895,1920,4608,221184,221184,576,576,6.45891078316958
repeat0,0,48,COMMON_BIAS,faithful,0.46614583333333337,0.049840625,0.7156416666666667,0.6279437499999999,0.049840625,0.0,0.03517708333333333,0.22888541666666667,0.8437500000000002,0.5,895,1920,4608,221184,221184,576,576,6.579546080805206
repeat0,1,48,NOMINAL,faithful,0.11822916666666668,0.41375833333333334,0.6821588541666667,0.6279437499999999,0.41375833333333334,0.9166666666666667,0.008898958333333333,0.05492708333333333,1.0,0.5,227,1920,4608,221184,221184,576,576,5.941033333239794
repeat0,1,48,COMMON_BIAS,faithful,0.11822916666666668,0.41375833333333334,0.6821588541666667,0.6279437499999999,0.41375833333333334,0.9166666666666667,0.008898958333333333,0.05492708333333333,1.0,0.5,227,1920,4608,221184,221184,576,576,6.493129901726063
rho90,0,48,NOMINAL,faithful,0.3651041666666667,0.316925,0.6431598958333333,0.58631875,0.34455,0.0,0.09825989583333335,0.13132291666666668,0.5026041666666667,0.5,701,1920,4608,221184,221184,576,576,7.187057843753684
rho90,0,48,COMMON_BIAS,faithful,0.3651041666666667,0.316925,0.6431598958333333,0.58631875,0.34455,0.0,0.09825989583333335,0.13132291666666668,0.5026041666666667,0.5,701,1920,4608,221184,221184,576,576,6.4233960790671505
rho90,1,48,NOMINAL,faithful,0.0,0.5291750000000001,0.7112395833333334,0.6250270833333332,0.5291750000000001,0.21666666666666665,0.013088020833333333,0.013093749999999998,1.0,1.0,0,1920,4608,221184,221184,576,576,6.046927451012273
rho90,1,48,COMMON_BIAS,faithful,0.0015625,0.5015916666666665,0.7034296875,0.6263604166666666,0.5015916666666665,0.5166666666666667,0.012373958333333334,0.03486458333333333,1.0,0.7520833333333333,3,1920,4608,221184,221184,576,576,6.488296077769323
mean,0,48,NOMINAL,faithful,0.2770833333333333,0.34725833333333334,0.6801458333333332,0.6279437499999999,0.34725833333333334,0.0,0.043752430555555555,0.09748958333333332,0.6880208333333334,0.5,532,1920,4608,221184,221184,576,576,5.643254901966143
mean,0,48,COMMON_BIAS,faithful,0.3885416666666667,0.20125833333333332,0.6848536458333333,0.6279437499999999,0.20125833333333332,0.0,0.040776736111111114,0.13929513888888886,0.7390625,0.5,746,1920,4608,221184,221184,576,576,6.12532107790649
mean,1,48,NOMINAL,faithful,0.0,0.5125916666666666,0.6981994791666666,0.6169437499999999,0.5125916666666666,0.5458333333333334,0.0070817708333333245,0.01855902777777778,1.0,0.6307291666666667,0,1920,4608,221184,221184,576,576,5.535967646602669
mean,1,48,COMMON_BIAS,faithful,0.015624999999999997,0.47784166666666666,0.6810578125000001,0.6249437499999999,0.47784166666666666,0.7,0.007041666666666659,0.03607291666666666,1.0,0.5692708333333333,30,1920,4608,221184,221184,576,576,8.78414264683242
channel0,1,4,PHYSICAL_SHIFT,faithful,0.0010416666666666667,0.5123125000000001,0.5177244791666669,0.6246104166666667,0.5135083333333335,0.0375,0.0134375,0.025156249999999998,1.0,0.8645833333333336,2,1920,384,6144,6144,192,192,1.647654900557873
channel0,1,4,PHYSICAL_SHIFT,nominal,0.0010416666666666667,0.5123125000000001,0.5177244791666669,0.6246104166666667,0.5135083333333335,0.0375,0.0134375,0.025156249999999998,1.0,0.8645833333333336,2,1920,384,6144,6144,192,192,1.7235725514611286
channel0,1,48,PHYSICAL_SHIFT,faithful,0.19479166666666667,0.3787583333333333,0.6821588541666667,0.6279437499999999,0.3787583333333333,0.9166666666666667,0.011826041666666667,0.056906250000000005,1.0,0.5,374,1920,4608,73728,73728,192,192,5.24945343147242
channel0,1,48,PHYSICAL_SHIFT,nominal,0.19479166666666667,0.3787583333333333,0.6821588541666667,0.6279437499999999,0.3787583333333333,0.9166666666666667,0.011826041666666667,0.056906250000000005,1.0,0.5,374,1920,4608,73728,73728,192,192,5.676010784073322
median,1,4,PHYSICAL_SHIFT,faithful,0.0,0.5322291666666666,0.5072869791666668,0.6222770833333333,0.533425,0.016666666666666666,0.010145833333333333,0.010322916666666664,1.0,1.0,0,1920,384,18432,18432,576,576,2.080865685831454
median,1,4,PHYSICAL_SHIFT,nominal,0.0,0.5322291666666666,0.5072869791666668,0.6222770833333333,0.533425,0.016666666666666666,0.010145833333333333,0.010322916666666664,1.0,1.0,0,1920,384,18432,18432,576,576,1.5457215690106503
median,1,48,PHYSICAL_SHIFT,faithful,0.0,0.5287583333333334,0.7076869791666666,0.6212770833333334,0.5287583333333334,0.2458333333333333,0.010109895833333332,0.011666666666666667,1.0,1.0,0,1920,4608,221184,221184,576,576,7.0176058828056895
median,1,48,PHYSICAL_SHIFT,nominal,0.0,0.5272583333333334,0.7035781249999999,0.6187770833333335,0.5272583333333334,0.30833333333333335,0.010129166666666665,0.011510416666666667,1.0,1.0,0,1920,4608,221184,221184,576,576,6.309351470525715
channel2,1,4,PHYSICAL_SHIFT,faithful,0.0,0.5322291666666666,0.5072869791666668,0.6222770833333333,0.533425,0.016666666666666666,0.0134375,0.01322916666666667,1.0,1.0,0,1920,384,6144,6144,192,192,1.4311186273070964
channel2,1,4,PHYSICAL_SHIFT,nominal,0.0,0.5322291666666666,0.5072869791666668,0.6222770833333333,0.533425,0.016666666666666666,0.0134375,0.01322916666666667,1.0,1.0,0,1920,384,6144,6144,192,192,1.5110303916027954
channel2,1,48,PHYSICAL_SHIFT,faithful,0.0,0.5301750000000001,0.7133359375,0.6244437500000001,0.5301750000000001,0.15416666666666667,0.013395833333333333,0.01322916666666667,1.0,1.0,0,1920,4608,73728,73728,192,192,5.466308333031038
channel2,1,48,PHYSICAL_SHIFT,nominal,0.0,0.5285083333333334,0.7098208333333333,0.6232770833333334,0.5285083333333334,0.2041666666666667,0.013408333333333333,0.01322916666666667,1.0,1.0,0,1920,4608,73728,73728,192,192,5.230810784554457
channel0,1,4,NOMINAL,faithful,0.0,0.5134791666666667,0.5177244791666669,0.62519375,0.5146750000000001,0.0375,0.0134375,0.025156249999999998,1.0,0.8645833333333336,0,1920,384,6144,6144,192,192,1.7653877453709605
