family,contrast,control,V,K,regime,metric,root_seed,difference
measurement,repeat0-channel0,repeat0,0,48,NOMINAL,B,1000001,0.0
measurement,repeat0-channel0,repeat0,0,48,NOMINAL,B,1000002,0.0
measurement,repeat0-channel0,repeat0,0,48,NOMINAL,B,1000003,0.0
measurement,repeat0-channel0,repeat0,0,48,NOMINAL,B,1000004,0.0
measurement,repeat0-channel0,repeat0,0,48,NOMINAL,B,1000005,0.0
measurement,repeat0-channel0,repeat0,0,48,NOMINAL,B,1000006,0.0
measurement,repeat0-channel0,repeat0,0,48,NOMINAL,B,1000007,0.0
measurement,repeat0-channel0,repeat0,0,48,NOMINAL,B,1000008,0.0
measurement,repeat0-channel0,repeat0,0,48,NOMINAL,B,1000009,0.0
measurement,repeat0-channel0,repeat0,0,48,NOMINAL,B,1000010,0.0
measurement,repeat0-channel0,repeat0,0,48,NOMINAL,B,1000011,0.0
measurement,repeat0-channel0,repeat0,0,48,NOMINAL,B,1000012,0.0
measurement,repeat0-channel0,repeat0,0,48,NOMINAL,B,1000013,0.0
measurement,repeat0-channel0,repeat0,0,48,NOMINAL,B,1000014,0.0
measurement,repeat0-channel0,repeat0,0,48,NOMINAL,B,1000015,0.0
measurement,repeat0-channel0,repeat0,0,48,NOMINAL,B,1000016,0.0
measurement,repeat0-channel0,repeat0,0,48,NOMINAL,B,1000017,0.0
measurement,repeat0-channel0,repeat0,0,48,NOMINAL,B,1000018,0.0
measurement,repeat0-channel0,repeat0,0,48,NOMINAL,B,1000019,0.0
measurement,repeat0-channel0,repeat0,0,48,NOMINAL,B,1000020,0.0
measurement,repeat0-channel0,repeat0,0,48,NOMINAL,L,1000001,0.0
measurement,repeat0-channel0,repeat0,0,48,NOMINAL,L,1000002,0.0
measurement,repeat0-channel0,repeat0,0,48,NOMINAL,L,1000003,0.0
measurement,repeat0-channel0,repeat0,0,48,NOMINAL,L,1000004,0.0
measurement,repeat0-channel0,repeat0,0,48,NOMINAL,L,1000005,0.0
measurement,repeat0-channel0,repeat0,0,48,NOMINAL,L,1000006,0.0
measurement,repeat0-channel0,repeat0,0,48,NOMINAL,L,1000007,-0.009958333333333326
measurement,repeat0-channel0,repeat0,0,48,NOMINAL,L,1000008,0.0
measurement,repeat0-channel0,repeat0,0,48,NOMINAL,L,1000009,0.0
measurement,repeat0-channel0,repeat0,0,48,NOMINAL,L,1000010,0.0
measurement,repeat0-channel0,repeat0,0,48,NOMINAL,L,1000011,0.0
measurement,repeat0-channel0,repeat0,0,48,NOMINAL,L,1000012,0.0
measurement,repeat0-channel0,repeat0,0,48,NOMINAL,L,1000013,0.0
measurement,repeat0-channel0,repeat0,0,48,NOMINAL,L,1000014,0.0
measurement,repeat0-channel0,repeat0,0,48,NOMINAL,L,1000015,-0.011541666666666672
measurement,repeat0-channel0,repeat0,0,48,NOMINAL,L,1000016,-0.009333333333333346
measurement,repeat0-channel0,repeat0,0,48,NOMINAL,L,1000017,0.0
measurement,repeat0-channel0,repeat0,0,48,NOMINAL,L,1000018,0.0
measurement,repeat0-channel0,repeat0,0,48,NOMINAL,L,1000019,0.0
measurement,repeat0-channel0,repeat0,0,48,NOMINAL,L,1000020,-0.009895833333333333
measurement,repeat0-channel0,repeat0,0,48,NOMINAL,P,1000001,0.0
measurement,repeat0-channel0,repeat0,0,48,NOMINAL,P,1000002,0.0
measurement,repeat0-channel0,repeat0,0,48,NOMINAL,P,1000003,0.0
measurement,repeat0-channel0,repeat0,0,48,NOMINAL,P,1000004,0.0
measurement,repeat0-channel0,repeat0,0,48,NOMINAL,P,1000005,0.0
measurement,repeat0-channel0,repeat0,0,48,NOMINAL,P,1000006,0.0
measurement,repeat0-channel0,repeat0,0,48,NOMINAL,P,1000007,0.005447916666666663
measurement,repeat0-channel0,repeat0,0,48,NOMINAL,P,1000008,0.0
measurement,repeat0-channel0,repeat0,0,48,NOMINAL,P,1000009,0.0
measurement,repeat0-channel0,repeat0,0,48,NOMINAL,P,1000010,0.0
measurement,repeat0-channel0,repeat0,0,48,NOMINAL,P,1000011,0.0
measurement,repeat0-channel0,repeat0,0,48,NOMINAL,P,1000012,0.0
measurement,repeat0-channel0,repeat0,0,48,NOMINAL,P,1000013,0.0
measurement,repeat0-channel0,repeat0,0,48,NOMINAL,P,1000014,0.0
measurement,repeat0-channel0,repeat0,0,48,NOMINAL,P,1000015,0.004802083333333318
measurement,repeat0-channel0,repeat0,0,48,NOMINAL,P,1000016,0.00332291666666662
measurement,repeat0-channel0,repeat0,0,48,NOMINAL,P,1000017,0.0
measurement,repeat0-channel0,repeat0,0,48,NOMINAL,P,1000018,0.0
measurement,repeat0-channel0,repeat0,0,48,NOMINAL,P,1000019,0.0
measurement,repeat0-channel0,repeat0,0,48,NOMINAL,P,1000020,0.004062499999999969
measurement,repeat0-channel0,repeat0,0,48,COMMON_BIAS,B,1000001,0.0
measurement,repeat0-channel0,repeat0,0,48,COMMON_BIAS,B,1000002,0.0
measurement,repeat0-channel0,repeat0,0,48,COMMON_BIAS,B,1000003,0.0
measurement,repeat0-channel0,repeat0,0,48,COMMON_BIAS,B,1000004,0.0
measurement,repeat0-channel0,repeat0,0,48,COMMON_BIAS,B,1000005,0.0
measurement,repeat0-channel0,repeat0,0,48,COMMON_BIAS,B,1000006,0.0
measurement,repeat0-channel0,repeat0,0,48,COMMON_BIAS,B,1000007,0.0
measurement,repeat0-channel0,repeat0,0,48,COMMON_BIAS,B,1000008,0.0
measurement,repeat0-channel0,repeat0,0,48,COMMON_BIAS,B,1000009,0.0
measurement,repeat0-channel0,repeat0,0,48,COMMON_BIAS,B,1000010,0.0
measurement,repeat0-channel0,repeat0,0,48,COMMON_BIAS,B,1000011,0.0
measurement,repeat0-channel0,repeat0,0,48,COMMON_BIAS,B,1000012,0.0
measurement,repeat0-channel0,repeat0,0,48,COMMON_BIAS,B,1000013,0.0
measurement,repeat0-channel0,repeat0,0,48,COMMON_BIAS,B,1000014,0.0
measurement,repeat0-channel0,repeat0,0,48,COMMON_BIAS,B,1000015,0.0
measurement,repeat0-channel0,repeat0,0,48,COMMON_BIAS,B,1000016,0.0
measurement,repeat0-channel0,repeat0,0,48,COMMON_BIAS,B,1000017,0.0
measurement,repeat0-channel0,repeat0,0,48,COMMON_BIAS,B,1000018,0.0
measurement,repeat0-channel0,repeat0,0,48,COMMON_BIAS,B,1000019,0.0
measurement,repeat0-channel0,repeat0,0,48,COMMON_BIAS,B,1000020,0.0
measurement,repeat0-channel0,repeat0,0,48,COMMON_BIAS,L,1000001,0.0
measurement,repeat0-channel0,repeat0,0,48,COMMON_BIAS,L,1000002,0.0
measurement,repeat0-channel0,repeat0,0,48,COMMON_BIAS,L,1000003,0.0
measurement,repeat0-channel0,repeat0,0,48,COMMON_BIAS,L,1000004,0.0
measurement,repeat0-channel0,repeat0,0,48,COMMON_BIAS,L,1000005,0.0
measurement,repeat0-channel0,repeat0,0,48,COMMON_BIAS,L,1000006,0.0
measurement,repeat0-channel0,repeat0,0,48,COMMON_BIAS,L,1000007,-0.009958333333333326
measurement,repeat0-channel0,repeat0,0,48,COMMON_BIAS,L,1000008,0.0
measurement,repeat0-channel0,repeat0,0,48,COMMON_BIAS,L,1000009,0.0
measurement,repeat0-channel0,repeat0,0,48,COMMON_BIAS,L,1000010,0.0
measurement,repeat0-channel0,repeat0,0,48,COMMON_BIAS,L,1000011,0.0
measurement,repeat0-channel0,repeat0,0,48,COMMON_BIAS,L,1000012,0.0
measurement,repeat0-channel0,repeat0,0,48,COMMON_BIAS,L,1000013,0.0
measurement,repeat0-channel0,repeat0,0,48,COMMON_BIAS,L,1000014,0.0
measurement,repeat0-channel0,repeat0,0,48,COMMON_BIAS,L,1000015,-0.011541666666666672
measurement,repeat0-channel0,repeat0,0,48,COMMON_BIAS,L,1000016,-0.009333333333333346
measurement,repeat0-channel0,repeat0,0,48,COMMON_BIAS,L,1000017,0.0
measurement,repeat0-channel0,repeat0,0,48,COMMON_BIAS,L,1000018,0.0
measurement,repeat0-channel0,repeat0,0,48,COMMON_BIAS,L,1000019,0.0
measurement,repeat0-channel0,repeat0,0,48,COMMON_BIAS,L,1000020,-0.009895833333333333
measurement,repeat0-channel0,repeat0,0,48,COMMON_BIAS,P,1000001,0.0
measurement,repeat0-channel0,repeat0,0,48,COMMON_BIAS,P,1000002,0.0
measurement,repeat0-channel0,repeat0,0,48,COMMON_BIAS,P,1000003,0.0
measurement,repeat0-channel0,repeat0,0,48,COMMON_BIAS,P,1000004,0.0
measurement,repeat0-channel0,repeat0,0,48,COMMON_BIAS,P,1000005,0.0
measurement,repeat0-channel0,repeat0,0,48,COMMON_BIAS,P,1000006,0.0
measurement,repeat0-channel0,repeat0,0,48,COMMON_BIAS,P,1000007,0.005447916666666663
measurement,repeat0-channel0,repeat0,0,48,COMMON_BIAS,P,1000008,0.0
measurement,repeat0-channel0,repeat0,0,48,COMMON_BIAS,P,1000009,0.0
measurement,repeat0-channel0,repeat0,0,48,COMMON_BIAS,P,1000010,0.0
measurement,repeat0-channel0,repeat0,0,48,COMMON_BIAS,P,1000011,0.0
measurement,repeat0-channel0,repeat0,0,48,COMMON_BIAS,P,1000012,0.0
measurement,repeat0-channel0,repeat0,0,48,COMMON_BIAS,P,1000013,0.0
measurement,repeat0-channel0,repeat0,0,48,COMMON_BIAS,P,1000014,0.0
measurement,repeat0-channel0,repeat0,0,48,COMMON_BIAS,P,1000015,0.004802083333333318
measurement,repeat0-channel0,repeat0,0,48,COMMON_BIAS,P,1000016,0.00332291666666662
measurement,repeat0-channel0,repeat0,0,48,COMMON_BIAS,P,1000017,0.0
measurement,repeat0-channel0,repeat0,0,48,COMMON_BIAS,P,1000018,0.0
measurement,repeat0-channel0,repeat0,0,48,COMMON_BIAS,P,1000019,0.0
measurement,repeat0-channel0,repeat0,0,48,COMMON_BIAS,P,1000020,0.004062499999999969
measurement,repeat0-channel0,repeat0,1,48,NOMINAL,B,1000001,0.0
measurement,repeat0-channel0,repeat0,1,48,NOMINAL,B,1000002,0.0
measurement,repeat0-channel0,repeat0,1,48,NOMINAL,B,1000003,0.0
measurement,repeat0-channel0,repeat0,1,48,NOMINAL,B,1000004,0.0
measurement,repeat0-channel0,repeat0,1,48,NOMINAL,B,1000005,0.0
measurement,repeat0-channel0,repeat0,1,48,NOMINAL,B,1000006,0.0
measurement,repeat0-channel0,repeat0,1,48,NOMINAL,B,1000007,0.0
measurement,repeat0-channel0,repeat0,1,48,NOMINAL,B,1000008,0.0
measurement,repeat0-channel0,repeat0,1,48,NOMINAL,B,1000009,0.0
measurement,repeat0-channel0,repeat0,1,48,NOMINAL,B,1000010,0.0
measurement,repeat0-channel0,repeat0,1,48,NOMINAL,B,1000011,0.0
measurement,repeat0-channel0,repeat0,1,48,NOMINAL,B,1000012,0.0
measurement,repeat0-channel0,repeat0,1,48,NOMINAL,B,1000013,0.0
measurement,repeat0-channel0,repeat0,1,48,NOMINAL,B,1000014,0.0
measurement,repeat0-channel0,repeat0,1,48,NOMINAL,B,1000015,0.0
measurement,repeat0-channel0,repeat0,1,48,NOMINAL,B,1000016,0.0
measurement,repeat0-channel0,repeat0,1,48,NOMINAL,B,1000017,0.0
measurement,repeat0-channel0,repeat0,1,48,NOMINAL,B,1000018,0.0
measurement,repeat0-channel0,repeat0,1,48,NOMINAL,B,1000019,0.0
measurement,repeat0-channel0,repeat0,1,48,NOMINAL,B,1000020,0.0
measurement,repeat0-channel0,repeat0,1,48,NOMINAL,L,1000001,0.0
measurement,repeat0-channel0,repeat0,1,48,NOMINAL,L,1000002,0.0
measurement,repeat0-channel0,repeat0,1,48,NOMINAL,L,1000003,0.0
measurement,repeat0-channel0,repeat0,1,48,NOMINAL,L,1000004,0.0
measurement,repeat0-channel0,repeat0,1,48,NOMINAL,L,1000005,0.0
measurement,repeat0-channel0,repeat0,1,48,NOMINAL,L,1000006,0.0
measurement,repeat0-channel0,repeat0,1,48,NOMINAL,L,1000007,0.0
measurement,repeat0-channel0,repeat0,1,48,NOMINAL,L,1000008,0.0
measurement,repeat0-channel0,repeat0,1,48,NOMINAL,L,1000009,0.0
measurement,repeat0-channel0,repeat0,1,48,NOMINAL,L,1000010,0.0
measurement,repeat0-channel0,repeat0,1,48,NOMINAL,L,1000011,0.0
measurement,repeat0-channel0,repeat0,1,48,NOMINAL,L,1000012,0.0
measurement,repeat0-channel0,repeat0,1,48,NOMINAL,L,1000013,0.0
measurement,repeat0-channel0,repeat0,1,48,NOMINAL,L,1000014,0.0
measurement,repeat0-channel0,repeat0,1,48,NOMINAL,L,1000015,0.0
measurement,repeat0-channel0,repeat0,1,48,NOMINAL,L,1000016,0.0
measurement,repeat0-channel0,repeat0,1,48,NOMINAL,L,1000017,0.0
measurement,repeat0-channel0,repeat0,1,48,NOMINAL,L,1000018,0.0
measurement,repeat0-channel0,repeat0,1,48,NOMINAL,L,1000019,0.0
measurement,repeat0-channel0,repeat0,1,48,NOMINAL,L,1000020,0.0
measurement,repeat0-channel0,repeat0,1,48,NOMINAL,P,1000001,0.0
measurement,repeat0-channel0,repeat0,1,48,NOMINAL,P,1000002,0.0
measurement,repeat0-channel0,repeat0,1,48,NOMINAL,P,1000003,0.0
measurement,repeat0-channel0,repeat0,1,48,NOMINAL,P,1000004,0.0
measurement,repeat0-channel0,repeat0,1,48,NOMINAL,P,1000005,0.0
measurement,repeat0-channel0,repeat0,1,48,NOMINAL,P,1000006,0.0
measurement,repeat0-channel0,repeat0,1,48,NOMINAL,P,1000007,0.0
measurement,repeat0-channel0,repeat0,1,48,NOMINAL,P,1000008,0.0
measurement,repeat0-channel0,repeat0,1,48,NOMINAL,P,1000009,0.0
measurement,repeat0-channel0,repeat0,1,48,NOMINAL,P,1000010,0.0
measurement,repeat0-channel0,repeat0,1,48,NOMINAL,P,1000011,0.0
measurement,repeat0-channel0,repeat0,1,48,NOMINAL,P,1000012,0.0
measurement,repeat0-channel0,repeat0,1,48,NOMINAL,P,1000013,0.0
measurement,repeat0-channel0,repeat0,1,48,NOMINAL,P,1000014,0.0
measurement,repeat0-channel0,repeat0,1,48,NOMINAL,P,1000015,0.0
measurement,repeat0-channel0,repeat0,1,48,NOMINAL,P,1000016,0.0
measurement,repeat0-channel0,repeat0,1,48,NOMINAL,P,1000017,0.0
measurement,repeat0-channel0,repeat0,1,48,NOMINAL,P,1000018,0.0
measurement,repeat0-channel0,repeat0,1,48,NOMINAL,P,1000019,0.0
measurement,repeat0-channel0,repeat0,1,48,NOMINAL,P,1000020,0.0
measurement,repeat0-channel0,repeat0,1,48,COMMON_BIAS,B,1000001,0.0
measurement,repeat0-channel0,repeat0,1,48,COMMON_BIAS,B,1000002,0.0
measurement,repeat0-channel0,repeat0,1,48,COMMON_BIAS,B,1000003,0.0
measurement,repeat0-channel0,repeat0,1,48,COMMON_BIAS,B,1000004,0.0
measurement,repeat0-channel0,repeat0,1,48,COMMON_BIAS,B,1000005,0.0
measurement,repeat0-channel0,repeat0,1,48,COMMON_BIAS,B,1000006,0.0
measurement,repeat0-channel0,repeat0,1,48,COMMON_BIAS,B,1000007,0.0
measurement,repeat0-channel0,repeat0,1,48,COMMON_BIAS,B,1000008,0.0
measurement,repeat0-channel0,repeat0,1,48,COMMON_BIAS,B,1000009,0.0
measurement,repeat0-channel0,repeat0,1,48,COMMON_BIAS,B,1000010,0.0
measurement,repeat0-channel0,repeat0,1,48,COMMON_BIAS,B,1000011,0.0
measurement,repeat0-channel0,repeat0,1,48,COMMON_BIAS,B,1000012,0.0
measurement,repeat0-channel0,repeat0,1,48,COMMON_BIAS,B,1000013,0.0
measurement,repeat0-channel0,repeat0,1,48,COMMON_BIAS,B,1000014,0.0
measurement,repeat0-channel0,repeat0,1,48,COMMON_BIAS,B,1000015,0.0
measurement,repeat0-channel0,repeat0,1,48,COMMON_BIAS,B,1000016,0.0
measurement,repeat0-channel0,repeat0,1,48,COMMON_BIAS,B,1000017,0.0
measurement,repeat0-channel0,repeat0,1,48,COMMON_BIAS,B,1000018,0.0
measurement,repeat0-channel0,repeat0,1,48,COMMON_BIAS,B,1000019,0.0
measurement,repeat0-channel0,repeat0,1,48,COMMON_BIAS,B,1000020,0.0
measurement,repeat0-channel0,repeat0,1,48,COMMON_BIAS,L,1000001,0.0
measurement,repeat0-channel0,repeat0,1,48,COMMON_BIAS,L,1000002,0.0
measurement,repeat0-channel0,repeat0,1,48,COMMON_BIAS,L,1000003,0.0
measurement,repeat0-channel0,repeat0,1,48,COMMON_BIAS,L,1000004,0.0
measurement,repeat0-channel0,repeat0,1,48,COMMON_BIAS,L,1000005,0.0
measurement,repeat0-channel0,repeat0,1,48,COMMON_BIAS,L,1000006,0.0
measurement,repeat0-channel0,repeat0,1,48,COMMON_BIAS,L,1000007,0.0
measurement,repeat0-channel0,repeat0,1,48,COMMON_BIAS,L,1000008,0.0
measurement,repeat0-channel0,repeat0,1,48,COMMON_BIAS,L,1000009,0.0
measurement,repeat0-channel0,repeat0,1,48,COMMON_BIAS,L,1000010,0.0
measurement,repeat0-channel0,repeat0,1,48,COMMON_BIAS,L,1000011,0.0
measurement,repeat0-channel0,repeat0,1,48,COMMON_BIAS,L,1000012,0.0
measurement,repeat0-channel0,repeat0,1,48,COMMON_BIAS,L,1000013,0.0
measurement,repeat0-channel0,repeat0,1,48,COMMON_BIAS,L,1000014,0.0
measurement,repeat0-channel0,repeat0,1,48,COMMON_BIAS,L,1000015,0.0
measurement,repeat0-channel0,repeat0,1,48,COMMON_BIAS,L,1000016,0.0
measurement,repeat0-channel0,repeat0,1,48,COMMON_BIAS,L,1000017,0.0
measurement,repeat0-channel0,repeat0,1,48,COMMON_BIAS,L,1000018,0.0
measurement,repeat0-channel0,repeat0,1,48,COMMON_BIAS,L,1000019,0.0
measurement,repeat0-channel0,repeat0,1,48,COMMON_BIAS,L,1000020,0.0
measurement,repeat0-channel0,repeat0,1,48,COMMON_BIAS,P,1000001,0.0
measurement,repeat0-channel0,repeat0,1,48,COMMON_BIAS,P,1000002,0.0
measurement,repeat0-channel0,repeat0,1,48,COMMON_BIAS,P,1000003,0.0
measurement,repeat0-channel0,repeat0,1,48,COMMON_BIAS,P,1000004,0.0
measurement,repeat0-channel0,repeat0,1,48,COMMON_BIAS,P,1000005,0.0
measurement,repeat0-channel0,repeat0,1,48,COMMON_BIAS,P,1000006,0.0
measurement,repeat0-channel0,repeat0,1,48,COMMON_BIAS,P,1000007,0.0
measurement,repeat0-channel0,repeat0,1,48,COMMON_BIAS,P,1000008,0.0
measurement,repeat0-channel0,repeat0,1,48,COMMON_BIAS,P,1000009,0.0
measurement,repeat0-channel0,repeat0,1,48,COMMON_BIAS,P,1000010,0.0
measurement,repeat0-channel0,repeat0,1,48,COMMON_BIAS,P,1000011,0.0
measurement,repeat0-channel0,repeat0,1,48,COMMON_BIAS,P,1000012,0.0
measurement,repeat0-channel0,repeat0,1,48,COMMON_BIAS,P,1000013,0.0
measurement,repeat0-channel0,repeat0,1,48,COMMON_BIAS,P,1000014,0.0
measurement,repeat0-channel0,repeat0,1,48,COMMON_BIAS,P,1000015,0.0
measurement,repeat0-channel0,repeat0,1,48,COMMON_BIAS,P,1000016,0.0
measurement,repeat0-channel0,repeat0,1,48,COMMON_BIAS,P,1000017,0.0
measurement,repeat0-channel0,repeat0,1,48,COMMON_BIAS,P,1000018,0.0
measurement,repeat0-channel0,repeat0,1,48,COMMON_BIAS,P,1000019,0.0
measurement,repeat0-channel0,repeat0,1,48,COMMON_BIAS,P,1000020,0.0
measurement,rho90-median,rho90,0,48,NOMINAL,B,1000001,0.0
measurement,rho90-median,rho90,0,48,NOMINAL,B,1000002,0.10416666666666663
measurement,rho90-median,rho90,0,48,NOMINAL,B,1000003,-0.01041666666666663
measurement,rho90-median,rho90,0,48,NOMINAL,B,1000004,0.0
measurement,rho90-median,rho90,0,48,NOMINAL,B,1000005,-0.3541666666666667
measurement,rho90-median,rho90,0,48,NOMINAL,B,1000006,0.14583333333333337
measurement,rho90-median,rho90,0,48,NOMINAL,B,1000007,0.0
measurement,rho90-median,rho90,0,48,NOMINAL,B,1000008,0.0
measurement,rho90-median,rho90,0,48,NOMINAL,B,1000009,0.0
measurement,rho90-median,rho90,0,48,NOMINAL,B,1000010,0.125
measurement,rho90-median,rho90,0,48,NOMINAL,B,1000011,0.010416666666666685
measurement,rho90-median,rho90,0,48,NOMINAL,B,1000012,0.0
measurement,rho90-median,rho90,0,48,NOMINAL,B,1000013,0.0
measurement,rho90-median,rho90,0,48,NOMINAL,B,1000014,0.0
measurement,rho90-median,rho90,0,48,NOMINAL,B,1000015,0.052083333333333315
measurement,rho90-median,rho90,0,48,NOMINAL,B,1000016,0.010416666666666685
measurement,rho90-median,rho90,0,48,NOMINAL,B,1000017,0.0
measurement,rho90-median,rho90,0,48,NOMINAL,B,1000018,0.01041666666666663
measurement,rho90-median,rho90,0,48,NOMINAL,B,1000019,0.3333333333333333
measurement,rho90-median,rho90,0,48,NOMINAL,B,1000020,0.0
measurement,rho90-median,rho90,0,48,NOMINAL,L,1000001,0.0
measurement,rho90-median,rho90,0,48,NOMINAL,L,1000002,-0.04275000000000001
measurement,rho90-median,rho90,0,48,NOMINAL,L,1000003,-0.003124999999999989
measurement,rho90-median,rho90,0,48,NOMINAL,L,1000004,0.0
measurement,rho90-median,rho90,0,48,NOMINAL,L,1000005,0.13
measurement,rho90-median,rho90,0,48,NOMINAL,L,1000006,-0.02833333333333332
measurement,rho90-median,rho90,0,48,NOMINAL,L,1000007,0.0
measurement,rho90-median,rho90,0,48,NOMINAL,L,1000008,0.0
measurement,rho90-median,rho90,0,48,NOMINAL,L,1000009,0.0
measurement,rho90-median,rho90,0,48,NOMINAL,L,1000010,-0.05375000000000002
measurement,rho90-median,rho90,0,48,NOMINAL,L,1000011,-0.003333333333333355
measurement,rho90-median,rho90,0,48,NOMINAL,L,1000012,0.0
measurement,rho90-median,rho90,0,48,NOMINAL,L,1000013,0.0
measurement,rho90-median,rho90,0,48,NOMINAL,L,1000014,-0.010000000000000009
measurement,rho90-median,rho90,0,48,NOMINAL,L,1000015,-0.011666666666666659
measurement,rho90-median,rho90,0,48,NOMINAL,L,1000016,-0.0033333333333334103
measurement,rho90-median,rho90,0,48,NOMINAL,L,1000017,0.0
measurement,rho90-median,rho90,0,48,NOMINAL,L,1000018,-0.003333333333333355
measurement,rho90-median,rho90,0,48,NOMINAL,L,1000019,-0.06533333333333335
measurement,rho90-median,rho90,0,48,NOMINAL,L,1000020,0.0
measurement,rho90-median,rho90,0,48,NOMINAL,P,1000001,0.0
measurement,rho90-median,rho90,0,48,NOMINAL,P,1000002,-0.04250000000000009
measurement,rho90-median,rho90,0,48,NOMINAL,P,1000003,-0.03874999999999995
measurement,rho90-median,rho90,0,48,NOMINAL,P,1000004,0.0
measurement,rho90-median,rho90,0,48,NOMINAL,P,1000005,-0.03375000000000006
measurement,rho90-median,rho90,0,48,NOMINAL,P,1000006,0.0199583333333333
measurement,rho90-median,rho90,0,48,NOMINAL,P,1000007,0.0
measurement,rho90-median,rho90,0,48,NOMINAL,P,1000008,0.0
measurement,rho90-median,rho90,0,48,NOMINAL,P,1000009,0.0
measurement,rho90-median,rho90,0,48,NOMINAL,P,1000010,-0.06000000000000005
measurement,rho90-median,rho90,0,48,NOMINAL,P,1000011,-0.0012499999999999734
measurement,rho90-median,rho90,0,48,NOMINAL,P,1000012,0.0
measurement,rho90-median,rho90,0,48,NOMINAL,P,1000013,0.0
measurement,rho90-median,rho90,0,48,NOMINAL,P,1000014,-0.003750000000000031
measurement,rho90-median,rho90,0,48,NOMINAL,P,1000015,0.0050000000000000044
measurement,rho90-median,rho90,0,48,NOMINAL,P,1000016,-0.0012499999999999734
measurement,rho90-median,rho90,0,48,NOMINAL,P,1000017,0.0
measurement,rho90-median,rho90,0,48,NOMINAL,P,1000018,-0.0012499999999999734
measurement,rho90-median,rho90,0,48,NOMINAL,P,1000019,0.05874999999999997
measurement,rho90-median,rho90,0,48,NOMINAL,P,1000020,0.0
measurement,rho90-median,rho90,0,48,COMMON_BIAS,B,1000001,0.0
measurement,rho90-median,rho90,0,48,COMMON_BIAS,B,1000002,0.10416666666666663
measurement,rho90-median,rho90,0,48,COMMON_BIAS,B,1000003,-0.01041666666666663
measurement,rho90-median,rho90,0,48,COMMON_BIAS,B,1000004,0.0
measurement,rho90-median,rho90,0,48,COMMON_BIAS,B,1000005,-0.3541666666666667
measurement,rho90-median,rho90,0,48,COMMON_BIAS,B,1000006,0.14583333333333337
measurement,rho90-median,rho90,0,48,COMMON_BIAS,B,1000007,0.0
measurement,rho90-median,rho90,0,48,COMMON_BIAS,B,1000008,0.0
measurement,rho90-median,rho90,0,48,COMMON_BIAS,B,1000009,0.0
measurement,rho90-median,rho90,0,48,COMMON_BIAS,B,1000010,0.125
measurement,rho90-median,rho90,0,48,COMMON_BIAS,B,1000011,0.010416666666666685
measurement,rho90-median,rho90,0,48,COMMON_BIAS,B,1000012,0.0
measurement,rho90-median,rho90,0,48,COMMON_BIAS,B,1000013,0.0
measurement,rho90-median,rho90,0,48,COMMON_BIAS,B,1000014,0.0
measurement,rho90-median,rho90,0,48,COMMON_BIAS,B,1000015,0.052083333333333315
measurement,rho90-median,rho90,0,48,COMMON_BIAS,B,1000016,0.010416666666666685
measurement,rho90-median,rho90,0,48,COMMON_BIAS,B,1000017,0.0
measurement,rho90-median,rho90,0,48,COMMON_BIAS,B,1000018,0.01041666666666663
measurement,rho90-median,rho90,0,48,COMMON_BIAS,B,1000019,0.3333333333333333
measurement,rho90-median,rho90,0,48,COMMON_BIAS,B,1000020,0.0
measurement,rho90-median,rho90,0,48,COMMON_BIAS,L,1000001,0.0
measurement,rho90-median,rho90,0,48,COMMON_BIAS,L,1000002,-0.04275000000000001
measurement,rho90-median,rho90,0,48,COMMON_BIAS,L,1000003,-0.003124999999999989
measurement,rho90-median,rho90,0,48,COMMON_BIAS,L,1000004,0.0
measurement,rho90-median,rho90,0,48,COMMON_BIAS,L,1000005,0.13
measurement,rho90-median,rho90,0,48,COMMON_BIAS,L,1000006,-0.02833333333333332
measurement,rho90-median,rho90,0,48,COMMON_BIAS,L,1000007,0.0
measurement,rho90-median,rho90,0,48,COMMON_BIAS,L,1000008,0.0
measurement,rho90-median,rho90,0,48,COMMON_BIAS,L,1000009,0.0
measurement,rho90-median,rho90,0,48,COMMON_BIAS,L,1000010,-0.05375000000000002
measurement,rho90-median,rho90,0,48,COMMON_BIAS,L,1000011,-0.003333333333333355
measurement,rho90-median,rho90,0,48,COMMON_BIAS,L,1000012,0.0
measurement,rho90-median,rho90,0,48,COMMON_BIAS,L,1000013,0.0
measurement,rho90-median,rho90,0,48,COMMON_BIAS,L,1000014,-0.010000000000000009
measurement,rho90-median,rho90,0,48,COMMON_BIAS,L,1000015,-0.011666666666666659
measurement,rho90-median,rho90,0,48,COMMON_BIAS,L,1000016,-0.0033333333333334103
measurement,rho90-median,rho90,0,48,COMMON_BIAS,L,1000017,0.0
measurement,rho90-median,rho90,0,48,COMMON_BIAS,L,1000018,-0.003333333333333355
measurement,rho90-median,rho90,0,48,COMMON_BIAS,L,1000019,-0.06533333333333335
measurement,rho90-median,rho90,0,48,COMMON_BIAS,L,1000020,0.0
measurement,rho90-median,rho90,0,48,COMMON_BIAS,P,1000001,0.0
measurement,rho90-median,rho90,0,48,COMMON_BIAS,P,1000002,-0.04250000000000009
measurement,rho90-median,rho90,0,48,COMMON_BIAS,P,1000003,-0.03874999999999995
measurement,rho90-median,rho90,0,48,COMMON_BIAS,P,1000004,0.0
measurement,rho90-median,rho90,0,48,COMMON_BIAS,P,1000005,-0.03375000000000006
measurement,rho90-median,rho90,0,48,COMMON_BIAS,P,1000006,0.0199583333333333
measurement,rho90-median,rho90,0,48,COMMON_BIAS,P,1000007,0.0
measurement,rho90-median,rho90,0,48,COMMON_BIAS,P,1000008,0.0
measurement,rho90-median,rho90,0,48,COMMON_BIAS,P,1000009,0.0
measurement,rho90-median,rho90,0,48,COMMON_BIAS,P,1000010,-0.06000000000000005
measurement,rho90-median,rho90,0,48,COMMON_BIAS,P,1000011,-0.0012499999999999734
measurement,rho90-median,rho90,0,48,COMMON_BIAS,P,1000012,0.0
measurement,rho90-median,rho90,0,48,COMMON_BIAS,P,1000013,0.0
measurement,rho90-median,rho90,0,48,COMMON_BIAS,P,1000014,-0.003750000000000031
measurement,rho90-median,rho90,0,48,COMMON_BIAS,P,1000015,0.0050000000000000044
measurement,rho90-median,rho90,0,48,COMMON_BIAS,P,1000016,-0.0012499999999999734
measurement,rho90-median,rho90,0,48,COMMON_BIAS,P,1000017,0.0
measurement,rho90-median,rho90,0,48,COMMON_BIAS,P,1000018,-0.0012499999999999734
measurement,rho90-median,rho90,0,48,COMMON_BIAS,P,1000019,0.05874999999999997
measurement,rho90-median,rho90,0,48,COMMON_BIAS,P,1000020,0.0
measurement,rho90-median,rho90,1,48,NOMINAL,B,1000001,0.0
measurement,rho90-median,rho90,1,48,NOMINAL,B,1000002,0.0
measurement,rho90-median,rho90,1,48,NOMINAL,B,1000003,0.0
measurement,rho90-median,rho90,1,48,NOMINAL,B,1000004,0.0
measurement,rho90-median,rho90,1,48,NOMINAL,B,1000005,0.0
measurement,rho90-median,rho90,1,48,NOMINAL,B,1000006,0.0
measurement,rho90-median,rho90,1,48,NOMINAL,B,1000007,0.0
measurement,rho90-median,rho90,1,48,NOMINAL,B,1000008,0.0
measurement,rho90-median,rho90,1,48,NOMINAL,B,1000009,0.0
measurement,rho90-median,rho90,1,48,NOMINAL,B,1000010,0.0
measurement,rho90-median,rho90,1,48,NOMINAL,B,1000011,0.0
measurement,rho90-median,rho90,1,48,NOMINAL,B,1000012,0.0
measurement,rho90-median,rho90,1,48,NOMINAL,B,1000013,0.0
measurement,rho90-median,rho90,1,48,NOMINAL,B,1000014,0.0
measurement,rho90-median,rho90,1,48,NOMINAL,B,1000015,0.0
measurement,rho90-median,rho90,1,48,NOMINAL,B,1000016,0.0
measurement,rho90-median,rho90,1,48,NOMINAL,B,1000017,0.0
measurement,rho90-median,rho90,1,48,NOMINAL,B,1000018,0.0
measurement,rho90-median,rho90,1,48,NOMINAL,B,1000019,0.0
measurement,rho90-median,rho90,1,48,NOMINAL,B,1000020,0.0
measurement,rho90-median,rho90,1,48,NOMINAL,L,1000001,0.0016666666666667052
measurement,rho90-median,rho90,1,48,NOMINAL,L,1000002,0.0
measurement,rho90-median,rho90,1,48,NOMINAL,L,1000003,0.011666666666666714
measurement,rho90-median,rho90,1,48,NOMINAL,L,1000004,-0.0033333333333331883
measurement,rho90-median,rho90,1,48,NOMINAL,L,1000005,-0.0016666666666667052
measurement,rho90-median,rho90,1,48,NOMINAL,L,1000006,0.013333333333333197
measurement,rho90-median,rho90,1,48,NOMINAL,L,1000007,0.0033333333333332993
measurement,rho90-median,rho90,1,48,NOMINAL,L,1000008,-0.0050000000000000044
measurement,rho90-median,rho90,1,48,NOMINAL,L,1000009,0.0033333333333332993
measurement,rho90-median,rho90,1,48,NOMINAL,L,1000010,0.0050000000000000044
measurement,rho90-median,rho90,1,48,NOMINAL,L,1000011,-0.0016666666666667052
measurement,rho90-median,rho90,1,48,NOMINAL,L,1000012,-0.00666666666666671
measurement,rho90-median,rho90,1,48,NOMINAL,L,1000013,-0.0033333333333334103
measurement,rho90-median,rho90,1,48,NOMINAL,L,1000014,-0.006666666666666599
measurement,rho90-median,rho90,1,48,NOMINAL,L,1000015,-0.006666666666666821
measurement,rho90-median,rho90,1,48,NOMINAL,L,1000016,0.0
measurement,rho90-median,rho90,1,48,NOMINAL,L,1000017,0.0033333333333332993
measurement,rho90-median,rho90,1,48,NOMINAL,L,1000018,0.01666666666666672
measurement,rho90-median,rho90,1,48,NOMINAL,L,1000019,0.0
measurement,rho90-median,rho90,1,48,NOMINAL,L,1000020,0.01333333333333342
measurement,rho90-median,rho90,1,48,NOMINAL,P,1000001,0.0050000000000000044
measurement,rho90-median,rho90,1,48,NOMINAL,P,1000002,0.015156249999999982
measurement,rho90-median,rho90,1,48,NOMINAL,P,1000003,-0.025000000000000022
measurement,rho90-median,rho90,1,48,NOMINAL,P,1000004,-0.015000000000000013
measurement,rho90-median,rho90,1,48,NOMINAL,P,1000005,0.01749999999999996
measurement,rho90-median,rho90,1,48,NOMINAL,P,1000006,-0.007500000000000062
measurement,rho90-median,rho90,1,48,NOMINAL,P,1000007,0.010000000000000009
measurement,rho90-median,rho90,1,48,NOMINAL,P,1000008,0.010000000000000009
measurement,rho90-median,rho90,1,48,NOMINAL,P,1000009,0.0
measurement,rho90-median,rho90,1,48,NOMINAL,P,1000010,0.0025000000000000577
measurement,rho90-median,rho90,1,48,NOMINAL,P,1000011,0.02445833333333325
measurement,rho90-median,rho90,1,48,NOMINAL,P,1000012,0.03445833333333326
measurement,rho90-median,rho90,1,48,NOMINAL,P,1000013,0.015000000000000013
measurement,rho90-median,rho90,1,48,NOMINAL,P,1000014,0.012500000000000067
measurement,rho90-median,rho90,1,48,NOMINAL,P,1000015,0.02938541666666672
measurement,rho90-median,rho90,1,48,NOMINAL,P,1000016,0.0
measurement,rho90-median,rho90,1,48,NOMINAL,P,1000017,-0.0050000000000000044
measurement,rho90-median,rho90,1,48,NOMINAL,P,1000018,-0.007499999999999951
measurement,rho90-median,rho90,1,48,NOMINAL,P,1000019,0.0
measurement,rho90-median,rho90,1,48,NOMINAL,P,1000020,-0.022499999999999964
measurement,rho90-median,rho90,1,48,COMMON_BIAS,B,1000001,0.0
measurement,rho90-median,rho90,1,48,COMMON_BIAS,B,1000002,0.0
measurement,rho90-median,rho90,1,48,COMMON_BIAS,B,1000003,0.0
measurement,rho90-median,rho90,1,48,COMMON_BIAS,B,1000004,-0.010416666666666666
measurement,rho90-median,rho90,1,48,COMMON_BIAS,B,1000005,0.010416666666666666
measurement,rho90-median,rho90,1,48,COMMON_BIAS,B,1000006,0.0
measurement,rho90-median,rho90,1,48,COMMON_BIAS,B,1000007,0.0
measurement,rho90-median,rho90,1,48,COMMON_BIAS,B,1000008,0.0
measurement,rho90-median,rho90,1,48,COMMON_BIAS,B,1000009,0.0
measurement,rho90-median,rho90,1,48,COMMON_BIAS,B,1000010,-0.010416666666666666
measurement,rho90-median,rho90,1,48,COMMON_BIAS,B,1000011,0.0
measurement,rho90-median,rho90,1,48,COMMON_BIAS,B,1000012,0.0
measurement,rho90-median,rho90,1,48,COMMON_BIAS,B,1000013,0.0
measurement,rho90-median,rho90,1,48,COMMON_BIAS,B,1000014,-0.010416666666666666
measurement,rho90-median,rho90,1,48,COMMON_BIAS,B,1000015,-0.010416666666666666
measurement,rho90-median,rho90,1,48,COMMON_BIAS,B,1000016,0.0
measurement,rho90-median,rho90,1,48,COMMON_BIAS,B,1000017,0.0
measurement,rho90-median,rho90,1,48,COMMON_BIAS,B,1000018,0.0
measurement,rho90-median,rho90,1,48,COMMON_BIAS,B,1000019,0.0
measurement,rho90-median,rho90,1,48,COMMON_BIAS,B,1000020,-0.010416666666666666
measurement,rho90-median,rho90,1,48,COMMON_BIAS,L,1000001,0.0
measurement,rho90-median,rho90,1,48,COMMON_BIAS,L,1000002,-0.01666666666666672
measurement,rho90-median,rho90,1,48,COMMON_BIAS,L,1000003,0.034999999999999976
measurement,rho90-median,rho90,1,48,COMMON_BIAS,L,1000004,0.043333333333333335
measurement,rho90-median,rho90,1,48,COMMON_BIAS,L,1000005,-0.03666666666666668
measurement,rho90-median,rho90,1,48,COMMON_BIAS,L,1000006,0.010000000000000009
measurement,rho90-median,rho90,1,48,COMMON_BIAS,L,1000007,-0.0016666666666666496
measurement,rho90-median,rho90,1,48,COMMON_BIAS,L,1000008,0.0
measurement,rho90-median,rho90,1,48,COMMON_BIAS,L,1000009,0.0033333333333332993
measurement,rho90-median,rho90,1,48,COMMON_BIAS,L,1000010,0.011666666666666659
measurement,rho90-median,rho90,1,48,COMMON_BIAS,L,1000011,-0.0016666666666666496
measurement,rho90-median,rho90,1,48,COMMON_BIAS,L,1000012,-0.0016666666666666496
measurement,rho90-median,rho90,1,48,COMMON_BIAS,L,1000013,0.021666666666666612
measurement,rho90-median,rho90,1,48,COMMON_BIAS,L,1000014,0.026666666666666672
measurement,rho90-median,rho90,1,48,COMMON_BIAS,L,1000015,0.008333333333333304
measurement,rho90-median,rho90,1,48,COMMON_BIAS,L,1000016,0.0
measurement,rho90-median,rho90,1,48,COMMON_BIAS,L,1000017,0.0033333333333334103
measurement,rho90-median,rho90,1,48,COMMON_BIAS,L,1000018,0.020000000000000018
measurement,rho90-median,rho90,1,48,COMMON_BIAS,L,1000019,0.0
measurement,rho90-median,rho90,1,48,COMMON_BIAS,L,1000020,0.018333333333333368
measurement,rho90-median,rho90,1,48,COMMON_BIAS,P,1000001,0.0
measurement,rho90-median,rho90,1,48,COMMON_BIAS,P,1000002,0.02332291666666675
measurement,rho90-median,rho90,1,48,COMMON_BIAS,P,1000003,-0.023510416666666645
measurement,rho90-median,rho90,1,48,COMMON_BIAS,P,1000004,0.0011458333333332904
measurement,rho90-median,rho90,1,48,COMMON_BIAS,P,1000005,0.001479166666666587
measurement,rho90-median,rho90,1,48,COMMON_BIAS,P,1000006,0.0025000000000000577
measurement,rho90-median,rho90,1,48,COMMON_BIAS,P,1000007,0.03373958333333327
measurement,rho90-median,rho90,1,48,COMMON_BIAS,P,1000008,0.0
measurement,rho90-median,rho90,1,48,COMMON_BIAS,P,1000009,0.0
measurement,rho90-median,rho90,1,48,COMMON_BIAS,P,1000010,0.017593750000000075
measurement,rho90-median,rho90,1,48,COMMON_BIAS,P,1000011,0.038395833333333296
measurement,rho90-median,rho90,1,48,COMMON_BIAS,P,1000012,0.03781250000000003
measurement,rho90-median,rho90,1,48,COMMON_BIAS,P,1000013,0.009906250000000005
measurement,rho90-median,rho90,1,48,COMMON_BIAS,P,1000014,0.025708333333333333
measurement,rho90-median,rho90,1,48,COMMON_BIAS,P,1000015,0.035093749999999924
measurement,rho90-median,rho90,1,48,COMMON_BIAS,P,1000016,0.0
measurement,rho90-median,rho90,1,48,COMMON_BIAS,P,1000017,-0.0050000000000000044
measurement,rho90-median,rho90,1,48,COMMON_BIAS,P,1000018,-0.02718749999999992
measurement,rho90-median,rho90,1,48,COMMON_BIAS,P,1000019,0.0
measurement,rho90-median,rho90,1,48,COMMON_BIAS,P,1000020,-0.02666666666666684
measurement,mean-median,mean,0,48,NOMINAL,B,1000001,-0.09375
measurement,mean-median,mean,0,48,NOMINAL,B,1000002,-0.11458333333333334
measurement,mean-median,mean,0,48,NOMINAL,B,1000003,-0.052083333333333315
measurement,mean-median,mean,0,48,NOMINAL,B,1000004,-0.09375000000000001
measurement,mean-median,mean,0,48,NOMINAL,B,1000005,0.0
measurement,mean-median,mean,0,48,NOMINAL,B,1000006,-0.052083333333333315
measurement,mean-median,mean,0,48,NOMINAL,B,1000007,-0.17708333333333334
measurement,mean-median,mean,0,48,NOMINAL,B,1000008,-0.03125
measurement,mean-median,mean,0,48,NOMINAL,B,1000009,0.0
measurement,mean-median,mean,0,48,NOMINAL,B,1000010,0.04166666666666663
measurement,mean-median,mean,0,48,NOMINAL,B,1000011,-0.16666666666666663
measurement,mean-median,mean,0,48,NOMINAL,B,1000012,-0.010416666666666685
measurement,mean-median,mean,0,48,NOMINAL,B,1000013,-0.12500000000000003
measurement,mean-median,mean,0,48,NOMINAL,B,1000014,-0.08333333333333331
measurement,mean-median,mean,0,48,NOMINAL,B,1000015,-0.22916666666666669
measurement,mean-median,mean,0,48,NOMINAL,B,1000016,-0.13541666666666663
measurement,mean-median,mean,0,48,NOMINAL,B,1000017,-0.11458333333333331
measurement,mean-median,mean,0,48,NOMINAL,B,1000018,-0.17708333333333334
measurement,mean-median,mean,0,48,NOMINAL,B,1000019,0.29166666666666663
measurement,mean-median,mean,0,48,NOMINAL,B,1000020,-0.010416666666666685
measurement,mean-median,mean,0,48,NOMINAL,L,1000001,0.034999999999999976
measurement,mean-median,mean,0,48,NOMINAL,L,1000002,0.03999999999999998
measurement,mean-median,mean,0,48,NOMINAL,L,1000003,0.016666666666666663
measurement,mean-median,mean,0,48,NOMINAL,L,1000004,0.04333333333333339
measurement,mean-median,mean,0,48,NOMINAL,L,1000005,0.022458333333333302
measurement,mean-median,mean,0,48,NOMINAL,L,1000006,0.013333333333333308
measurement,mean-median,mean,0,48,NOMINAL,L,1000007,0.044999999999999984
measurement,mean-median,mean,0,48,NOMINAL,L,1000008,0.020000000000000018
measurement,mean-median,mean,0,48,NOMINAL,L,1000009,0.0
measurement,mean-median,mean,0,48,NOMINAL,L,1000010,-0.003750000000000031
measurement,mean-median,mean,0,48,NOMINAL,L,1000011,0.030000000000000027
measurement,mean-median,mean,0,48,NOMINAL,L,1000012,0.021666666666666723
measurement,mean-median,mean,0,48,NOMINAL,L,1000013,0.041666666666666685
measurement,mean-median,mean,0,48,NOMINAL,L,1000014,0.048333333333333284
measurement,mean-median,mean,0,48,NOMINAL,L,1000015,0.043333333333333335
measurement,mean-median,mean,0,48,NOMINAL,L,1000016,0.03333333333333327
measurement,mean-median,mean,0,48,NOMINAL,L,1000017,0.030000000000000027
measurement,mean-median,mean,0,48,NOMINAL,L,1000018,0.065
measurement,mean-median,mean,0,48,NOMINAL,L,1000019,-0.055333333333333345
measurement,mean-median,mean,0,48,NOMINAL,L,1000020,0.021666666666666667
measurement,mean-median,mean,0,48,NOMINAL,P,1000001,0.02373958333333337
measurement,mean-median,mean,0,48,NOMINAL,P,1000002,0.021885416666666657
measurement,mean-median,mean,0,48,NOMINAL,P,1000003,0.03345833333333337
measurement,mean-median,mean,0,48,NOMINAL,P,1000004,0.04256249999999995
measurement,mean-median,mean,0,48,NOMINAL,P,1000005,0.06499999999999995
measurement,mean-median,mean,0,48,NOMINAL,P,1000006,0.024708333333333332
measurement,mean-median,mean,0,48,NOMINAL,P,1000007,0.024656249999999935
measurement,mean-median,mean,0,48,NOMINAL,P,1000008,0.020312500000000067
measurement,mean-median,mean,0,48,NOMINAL,P,1000009,0.033489583333333295
measurement,mean-median,mean,0,48,NOMINAL,P,1000010,-0.023239583333333313
measurement,mean-median,mean,0,48,NOMINAL,P,1000011,0.034375000000000044
measurement,mean-median,mean,0,48,NOMINAL,P,1000012,0.03066666666666662
measurement,mean-median,mean,0,48,NOMINAL,P,1000013,0.033031249999999956
measurement,mean-median,mean,0,48,NOMINAL,P,1000014,0.032937500000000064
measurement,mean-median,mean,0,48,NOMINAL,P,1000015,0.03486458333333342
measurement,mean-median,mean,0,48,NOMINAL,P,1000016,0.04615625000000001
measurement,mean-median,mean,0,48,NOMINAL,P,1000017,0.018135416666666626
measurement,mean-median,mean,0,48,NOMINAL,P,1000018,0.023072916666666776
measurement,mean-median,mean,0,48,NOMINAL,P,1000019,0.09268749999999992
measurement,mean-median,mean,0,48,NOMINAL,P,1000020,0.028427083333333325
measurement,mean-median,mean,0,48,COMMON_BIAS,B,1000001,0.0
measurement,mean-median,mean,0,48,COMMON_BIAS,B,1000002,0.04166666666666663
measurement,mean-median,mean,0,48,COMMON_BIAS,B,1000003,0.0
measurement,mean-median,mean,0,48,COMMON_BIAS,B,1000004,0.11458333333333334
measurement,mean-median,mean,0,48,COMMON_BIAS,B,1000005,0.0625
measurement,mean-median,mean,0,48,COMMON_BIAS,B,1000006,0.07291666666666669
measurement,mean-median,mean,0,48,COMMON_BIAS,B,1000007,-0.05208333333333337
measurement,mean-median,mean,0,48,COMMON_BIAS,B,1000008,0.09375
measurement,mean-median,mean,0,48,COMMON_BIAS,B,1000009,0.03125
measurement,mean-median,mean,0,48,COMMON_BIAS,B,1000010,0.10416666666666663
measurement,mean-median,mean,0,48,COMMON_BIAS,B,1000011,-0.052083333333333315
measurement,mean-median,mean,0,48,COMMON_BIAS,B,1000012,0.052083333333333315
measurement,mean-median,mean,0,48,COMMON_BIAS,B,1000013,0.020833333333333315
measurement,mean-median,mean,0,48,COMMON_BIAS,B,1000014,0.0
measurement,mean-median,mean,0,48,COMMON_BIAS,B,1000015,-0.03125
measurement,mean-median,mean,0,48,COMMON_BIAS,B,1000016,0.010416666666666685
measurement,mean-median,mean,0,48,COMMON_BIAS,B,1000017,0.0625
measurement,mean-median,mean,0,48,COMMON_BIAS,B,1000018,-0.010416666666666685
measurement,mean-median,mean,0,48,COMMON_BIAS,B,1000019,0.32291666666666663
measurement,mean-median,mean,0,48,COMMON_BIAS,B,1000020,0.052083333333333315
measurement,mean-median,mean,0,48,COMMON_BIAS,L,1000001,-0.10985416666666664
measurement,mean-median,mean,0,48,COMMON_BIAS,L,1000002,-0.11889583333333334
measurement,mean-median,mean,0,48,COMMON_BIAS,L,1000003,-0.10341666666666666
measurement,mean-median,mean,0,48,COMMON_BIAS,L,1000004,-0.13604166666666664
measurement,mean-median,mean,0,48,COMMON_BIAS,L,1000005,-0.10462500000000002
measurement,mean-median,mean,0,48,COMMON_BIAS,L,1000006,-0.13025
measurement,mean-median,mean,0,48,COMMON_BIAS,L,1000007,-0.10568750000000002
measurement,mean-median,mean,0,48,COMMON_BIAS,L,1000008,-0.13597916666666665
measurement,mean-median,mean,0,48,COMMON_BIAS,L,1000009,-0.15145833333333333
measurement,mean-median,mean,0,48,COMMON_BIAS,L,1000010,-0.1535416666666667
measurement,mean-median,mean,0,48,COMMON_BIAS,L,1000011,-0.11537500000000003
measurement,mean-median,mean,0,48,COMMON_BIAS,L,1000012,-0.11806249999999999
measurement,mean-median,mean,0,48,COMMON_BIAS,L,1000013,-0.11208333333333334
measurement,mean-median,mean,0,48,COMMON_BIAS,L,1000014,-0.09333333333333335
measurement,mean-median,mean,0,48,COMMON_BIAS,L,1000015,-0.10197916666666668
measurement,mean-median,mean,0,48,COMMON_BIAS,L,1000016,-0.13406250000000006
measurement,mean-median,mean,0,48,COMMON_BIAS,L,1000017,-0.12981249999999994
measurement,mean-median,mean,0,48,COMMON_BIAS,L,1000018,-0.09512499999999999
measurement,mean-median,mean,0,48,COMMON_BIAS,L,1000019,-0.14008333333333334
measurement,mean-median,mean,0,48,COMMON_BIAS,L,1000020,-0.11862500000000001
measurement,mean-median,mean,0,48,COMMON_BIAS,P,1000001,0.02938541666666661
measurement,mean-median,mean,0,48,COMMON_BIAS,P,1000002,0.026718749999999902
measurement,mean-median,mean,0,48,COMMON_BIAS,P,1000003,0.03612499999999996
measurement,mean-median,mean,0,48,COMMON_BIAS,P,1000004,0.04673958333333328
measurement,mean-median,mean,0,48,COMMON_BIAS,P,1000005,0.06953124999999993
measurement,mean-median,mean,0,48,COMMON_BIAS,P,1000006,0.029749999999999943
measurement,mean-median,mean,0,48,COMMON_BIAS,P,1000007,0.029156249999999995
measurement,mean-median,mean,0,48,COMMON_BIAS,P,1000008,0.03112500000000007
measurement,mean-median,mean,0,48,COMMON_BIAS,P,1000009,0.03745833333333326
measurement,mean-median,mean,0,48,COMMON_BIAS,P,1000010,-0.01849999999999996
measurement,mean-median,mean,0,48,COMMON_BIAS,P,1000011,0.039114583333333286
measurement,mean-median,mean,0,48,COMMON_BIAS,P,1000012,0.036239583333333214
measurement,mean-median,mean,0,48,COMMON_BIAS,P,1000013,0.03670833333333323
measurement,mean-median,mean,0,48,COMMON_BIAS,P,1000014,0.03600000000000003
measurement,mean-median,mean,0,48,COMMON_BIAS,P,1000015,0.03779166666666678
measurement,mean-median,mean,0,48,COMMON_BIAS,P,1000016,0.04943750000000002
measurement,mean-median,mean,0,48,COMMON_BIAS,P,1000017,0.02442708333333332
measurement,mean-median,mean,0,48,COMMON_BIAS,P,1000018,0.02953125000000001
measurement,mean-median,mean,0,48,COMMON_BIAS,P,1000019,0.0950833333333333
measurement,mean-median,mean,0,48,COMMON_BIAS,P,1000020,0.03326041666666668
measurement,mean-median,mean,1,48,NOMINAL,B,1000001,0.0
measurement,mean-median,mean,1,48,NOMINAL,B,1000002,0.0
measurement,mean-median,mean,1,48,NOMINAL,B,1000003,0.0
measurement,mean-median,mean,1,48,NOMINAL,B,1000004,0.0
measurement,mean-median,mean,1,48,NOMINAL,B,1000005,0.0
measurement,mean-median,mean,1,48,NOMINAL,B,1000006,0.0
measurement,mean-median,mean,1,48,NOMINAL,B,1000007,0.0
measurement,mean-median,mean,1,48,NOMINAL,B,1000008,0.0
measurement,mean-median,mean,1,48,NOMINAL,B,1000009,0.0
measurement,mean-median,mean,1,48,NOMINAL,B,1000010,0.0
measurement,mean-median,mean,1,48,NOMINAL,B,1000011,0.0
measurement,mean-median,mean,1,48,NOMINAL,B,1000012,0.0
measurement,mean-median,mean,1,48,NOMINAL,B,1000013,0.0
measurement,mean-median,mean,1,48,NOMINAL,B,1000014,0.0
measurement,mean-median,mean,1,48,NOMINAL,B,1000015,0.0
measurement,mean-median,mean,1,48,NOMINAL,B,1000016,0.0
measurement,mean-median,mean,1,48,NOMINAL,B,1000017,0.0
measurement,mean-median,mean,1,48,NOMINAL,B,1000018,0.0
measurement,mean-median,mean,1,48,NOMINAL,B,1000019,0.0
measurement,mean-median,mean,1,48,NOMINAL,B,1000020,0.0
measurement,mean-median,mean,1,48,NOMINAL,L,1000001,-0.016666666666666607
measurement,mean-median,mean,1,48,NOMINAL,L,1000002,-0.008333333333333415
measurement,mean-median,mean,1,48,NOMINAL,L,1000003,-0.014999999999999958
measurement,mean-median,mean,1,48,NOMINAL,L,1000004,-0.03166666666666662
measurement,mean-median,mean,1,48,NOMINAL,L,1000005,-0.008333333333333415
measurement,mean-median,mean,1,48,NOMINAL,L,1000006,-0.011666666666666825
measurement,mean-median,mean,1,48,NOMINAL,L,1000007,-0.018333333333333313
measurement,mean-median,mean,1,48,NOMINAL,L,1000008,-0.018333333333333313
measurement,mean-median,mean,1,48,NOMINAL,L,1000009,-0.00833333333333336
measurement,mean-median,mean,1,48,NOMINAL,L,1000010,-0.019999999999999962
measurement,mean-median,mean,1,48,NOMINAL,L,1000011,-0.011666666666666714
measurement,mean-median,mean,1,48,NOMINAL,L,1000012,-0.01666666666666672
measurement,mean-median,mean,1,48,NOMINAL,L,1000013,-0.011666666666666714
measurement,mean-median,mean,1,48,NOMINAL,L,1000014,-0.023333333333333317
measurement,mean-median,mean,1,48,NOMINAL,L,1000015,-0.01666666666666683
measurement,mean-median,mean,1,48,NOMINAL,L,1000016,-0.019999999999999962
measurement,mean-median,mean,1,48,NOMINAL,L,1000017,-0.008333333333333415
measurement,mean-median,mean,1,48,NOMINAL,L,1000018,-0.015000000000000013
measurement,mean-median,mean,1,48,NOMINAL,L,1000019,-0.00500000000000006
measurement,mean-median,mean,1,48,NOMINAL,L,1000020,-0.010000000000000009
measurement,mean-median,mean,1,48,NOMINAL,P,1000001,0.0
measurement,mean-median,mean,1,48,NOMINAL,P,1000002,-0.00984375000000004
measurement,mean-median,mean,1,48,NOMINAL,P,1000003,-0.011624999999999996
measurement,mean-median,mean,1,48,NOMINAL,P,1000004,0.0024999999999999467
measurement,mean-median,mean,1,48,NOMINAL,P,1000005,-0.01998958333333334
measurement,mean-median,mean,1,48,NOMINAL,P,1000006,-0.012812500000000004
measurement,mean-median,mean,1,48,NOMINAL,P,1000007,-0.012500000000000067
measurement,mean-median,mean,1,48,NOMINAL,P,1000008,0.0
measurement,mean-median,mean,1,48,NOMINAL,P,1000009,-0.01750000000000007
measurement,mean-median,mean,1,48,NOMINAL,P,1000010,0.0050000000000000044
measurement,mean-median,mean,1,48,NOMINAL,P,1000011,-0.010000000000000009
measurement,mean-median,mean,1,48,NOMINAL,P,1000012,0.0
measurement,mean-median,mean,1,48,NOMINAL,P,1000013,-0.020000000000000018
measurement,mean-median,mean,1,48,NOMINAL,P,1000014,0.007500000000000062
measurement,mean-median,mean,1,48,NOMINAL,P,1000015,-0.005468749999999911
measurement,mean-median,mean,1,48,NOMINAL,P,1000016,-0.012687499999999963
measurement,mean-median,mean,1,48,NOMINAL,P,1000017,-0.01750000000000007
measurement,mean-median,mean,1,48,NOMINAL,P,1000018,0.0050000000000000044
measurement,mean-median,mean,1,48,NOMINAL,P,1000019,-0.017416666666666636
measurement,mean-median,mean,1,48,NOMINAL,P,1000020,-0.020000000000000018
measurement,mean-median,mean,1,48,COMMON_BIAS,B,1000001,0.0
measurement,mean-median,mean,1,48,COMMON_BIAS,B,1000002,0.020833333333333332
measurement,mean-median,mean,1,48,COMMON_BIAS,B,1000003,0.0
measurement,mean-median,mean,1,48,COMMON_BIAS,B,1000004,0.020833333333333336
measurement,mean-median,mean,1,48,COMMON_BIAS,B,1000005,0.010416666666666666
measurement,mean-median,mean,1,48,COMMON_BIAS,B,1000006,0.020833333333333332
measurement,mean-median,mean,1,48,COMMON_BIAS,B,1000007,0.010416666666666666
measurement,mean-median,mean,1,48,COMMON_BIAS,B,1000008,0.03125
measurement,mean-median,mean,1,48,COMMON_BIAS,B,1000009,0.0
measurement,mean-median,mean,1,48,COMMON_BIAS,B,1000010,0.0
measurement,mean-median,mean,1,48,COMMON_BIAS,B,1000011,0.020833333333333332
measurement,mean-median,mean,1,48,COMMON_BIAS,B,1000012,0.020833333333333332
measurement,mean-median,mean,1,48,COMMON_BIAS,B,1000013,0.0
measurement,mean-median,mean,1,48,COMMON_BIAS,B,1000014,-0.010416666666666666
measurement,mean-median,mean,1,48,COMMON_BIAS,B,1000015,0.0
measurement,mean-median,mean,1,48,COMMON_BIAS,B,1000016,0.0625
measurement,mean-median,mean,1,48,COMMON_BIAS,B,1000017,0.020833333333333332
measurement,mean-median,mean,1,48,COMMON_BIAS,B,1000018,0.010416666666666666
measurement,mean-median,mean,1,48,COMMON_BIAS,B,1000019,0.0
measurement,mean-median,mean,1,48,COMMON_BIAS,B,1000020,0.0
measurement,mean-median,mean,1,48,COMMON_BIAS,L,1000001,0.020000000000000018
measurement,mean-median,mean,1,48,COMMON_BIAS,L,1000002,-0.043333333333333335
measurement,mean-median,mean,1,48,COMMON_BIAS,L,1000003,0.020000000000000018
measurement,mean-median,mean,1,48,COMMON_BIAS,L,1000004,-0.03166666666666662
measurement,mean-median,mean,1,48,COMMON_BIAS,L,1000005,-0.034999999999999976
measurement,mean-median,mean,1,48,COMMON_BIAS,L,1000006,-0.018333333333333313
measurement,mean-median,mean,1,48,COMMON_BIAS,L,1000007,-0.03500000000000003
measurement,mean-median,mean,1,48,COMMON_BIAS,L,1000008,-0.043333333333333335
measurement,mean-median,mean,1,48,COMMON_BIAS,L,1000009,0.016666666666666607
measurement,mean-median,mean,1,48,COMMON_BIAS,L,1000010,-0.00666666666666671
measurement,mean-median,mean,1,48,COMMON_BIAS,L,1000011,-0.028333333333333266
measurement,mean-median,mean,1,48,COMMON_BIAS,L,1000012,-0.02833333333333332
measurement,mean-median,mean,1,48,COMMON_BIAS,L,1000013,-0.00500000000000006
measurement,mean-median,mean,1,48,COMMON_BIAS,L,1000014,0.016666666666666663
measurement,mean-median,mean,1,48,COMMON_BIAS,L,1000015,-0.018333333333333368
measurement,mean-median,mean,1,48,COMMON_BIAS,L,1000016,-0.07666666666666666
measurement,mean-median,mean,1,48,COMMON_BIAS,L,1000017,-0.02833333333333332
measurement,mean-median,mean,1,48,COMMON_BIAS,L,1000018,-0.021666666666666612
measurement,mean-median,mean,1,48,COMMON_BIAS,L,1000019,0.019999999999999962
measurement,mean-median,mean,1,48,COMMON_BIAS,L,1000020,-0.0050000000000000044
measurement,mean-median,mean,1,48,COMMON_BIAS,P,1000001,-0.004562500000000025
measurement,mean-median,mean,1,48,COMMON_BIAS,P,1000002,-0.031447916666666575
measurement,mean-median,mean,1,48,COMMON_BIAS,P,1000003,-0.0023958333333333748
measurement,mean-median,mean,1,48,COMMON_BIAS,P,1000004,-0.014833333333333365
measurement,mean-median,mean,1,48,COMMON_BIAS,P,1000005,-0.04033333333333333
measurement,mean-median,mean,1,48,COMMON_BIAS,P,1000006,-0.015135416666666734
measurement,mean-median,mean,1,48,COMMON_BIAS,P,1000007,-0.015385416666666707
measurement,mean-median,mean,1,48,COMMON_BIAS,P,1000008,-0.018854166666666616
measurement,mean-median,mean,1,48,COMMON_BIAS,P,1000009,-0.0017604166666667087
measurement,mean-median,mean,1,48,COMMON_BIAS,P,1000010,0.0025000000000000577
measurement,mean-median,mean,1,48,COMMON_BIAS,P,1000011,-0.012395833333333273
measurement,mean-median,mean,1,48,COMMON_BIAS,P,1000012,-0.011833333333333251
measurement,mean-median,mean,1,48,COMMON_BIAS,P,1000013,-0.04237499999999994
measurement,mean-median,mean,1,48,COMMON_BIAS,P,1000014,0.02110416666666659
measurement,mean-median,mean,1,48,COMMON_BIAS,P,1000015,-0.01868750000000008
measurement,mean-median,mean,1,48,COMMON_BIAS,P,1000016,-0.02867708333333341
measurement,mean-median,mean,1,48,COMMON_BIAS,P,1000017,-0.018729166666666686
measurement,mean-median,mean,1,48,COMMON_BIAS,P,1000018,-0.010624999999999996
measurement,mean-median,mean,1,48,COMMON_BIAS,P,1000019,0.0005833333333333801
measurement,mean-median,mean,1,48,COMMON_BIAS,P,1000020,-0.0392604166666668
isolation,nominal-preview-faithful-preview,channel0,1,4,PHYSICAL_SHIFT,B,1000001,0.0
isolation,nominal-preview-faithful-preview,channel0,1,4,PHYSICAL_SHIFT,B,1000002,0.0
isolation,nominal-preview-faithful-preview,channel0,1,4,PHYSICAL_SHIFT,B,1000003,0.0
isolation,nominal-preview-faithful-preview,channel0,1,4,PHYSICAL_SHIFT,B,1000004,0.0
isolation,nominal-preview-faithful-preview,channel0,1,4,PHYSICAL_SHIFT,B,1000005,0.0
isolation,nominal-preview-faithful-preview,channel0,1,4,PHYSICAL_SHIFT,B,1000006,0.0
isolation,nominal-preview-faithful-preview,channel0,1,4,PHYSICAL_SHIFT,B,1000007,0.0
isolation,nominal-preview-faithful-preview,channel0,1,4,PHYSICAL_SHIFT,B,1000008,0.0
isolation,nominal-preview-faithful-preview,channel0,1,4,PHYSICAL_SHIFT,B,1000009,0.0
isolation,nominal-preview-faithful-preview,channel0,1,4,PHYSICAL_SHIFT,B,1000010,0.0
isolation,nominal-preview-faithful-preview,channel0,1,4,PHYSICAL_SHIFT,B,1000011,0.0
isolation,nominal-preview-faithful-preview,channel0,1,4,PHYSICAL_SHIFT,B,1000012,0.0
isolation,nominal-preview-faithful-preview,channel0,1,4,PHYSICAL_SHIFT,B,1000013,0.0
isolation,nominal-preview-faithful-preview,channel0,1,4,PHYSICAL_SHIFT,B,1000014,0.0
isolation,nominal-preview-faithful-preview,channel0,1,4,PHYSICAL_SHIFT,B,1000015,0.0
isolation,nominal-preview-faithful-preview,channel0,1,4,PHYSICAL_SHIFT,B,1000016,0.0
isolation,nominal-preview-faithful-preview,channel0,1,4,PHYSICAL_SHIFT,B,1000017,0.0
isolation,nominal-preview-faithful-preview,channel0,1,4,PHYSICAL_SHIFT,B,1000018,0.0
isolation,nominal-preview-faithful-preview,channel0,1,4,PHYSICAL_SHIFT,B,1000019,0.0
isolation,nominal-preview-faithful-preview,channel0,1,4,PHYSICAL_SHIFT,B,1000020,0.0
isolation,nominal-preview-faithful-preview,channel0,1,4,PHYSICAL_SHIFT,L,1000001,0.0
isolation,nominal-preview-faithful-preview,channel0,1,4,PHYSICAL_SHIFT,L,1000002,0.0
isolation,nominal-preview-faithful-preview,channel0,1,4,PHYSICAL_SHIFT,L,1000003,0.0
isolation,nominal-preview-faithful-preview,channel0,1,4,PHYSICAL_SHIFT,L,1000004,0.0
isolation,nominal-preview-faithful-preview,channel0,1,4,PHYSICAL_SHIFT,L,1000005,0.0
isolation,nominal-preview-faithful-preview,channel0,1,4,PHYSICAL_SHIFT,L,1000006,0.0
isolation,nominal-preview-faithful-preview,channel0,1,4,PHYSICAL_SHIFT,L,1000007,0.0
isolation,nominal-preview-faithful-preview,channel0,1,4,PHYSICAL_SHIFT,L,1000008,0.0
isolation,nominal-preview-faithful-preview,channel0,1,4,PHYSICAL_SHIFT,L,1000009,0.0
isolation,nominal-preview-faithful-preview,channel0,1,4,PHYSICAL_SHIFT,L,1000010,0.0
isolation,nominal-preview-faithful-preview,channel0,1,4,PHYSICAL_SHIFT,L,1000011,0.0
isolation,nominal-preview-faithful-preview,channel0,1,4,PHYSICAL_SHIFT,L,1000012,0.0
isolation,nominal-preview-faithful-preview,channel0,1,4,PHYSICAL_SHIFT,L,1000013,0.0
isolation,nominal-preview-faithful-preview,channel0,1,4,PHYSICAL_SHIFT,L,1000014,0.0
isolation,nominal-preview-faithful-preview,channel0,1,4,PHYSICAL_SHIFT,L,1000015,0.0
isolation,nominal-preview-faithful-preview,channel0,1,4,PHYSICAL_SHIFT,L,1000016,0.0
isolation,nominal-preview-faithful-preview,channel0,1,4,PHYSICAL_SHIFT,L,1000017,0.0
isolation,nominal-preview-faithful-preview,channel0,1,4,PHYSICAL_SHIFT,L,1000018,0.0
isolation,nominal-preview-faithful-preview,channel0,1,4,PHYSICAL_SHIFT,L,1000019,0.0
isolation,nominal-preview-faithful-preview,channel0,1,4,PHYSICAL_SHIFT,L,1000020,0.0
isolation,nominal-preview-faithful-preview,channel0,1,4,PHYSICAL_SHIFT,P,1000001,0.0
isolation,nominal-preview-faithful-preview,channel0,1,4,PHYSICAL_SHIFT,P,1000002,0.0
isolation,nominal-preview-faithful-preview,channel0,1,4,PHYSICAL_SHIFT,P,1000003,0.0
isolation,nominal-preview-faithful-preview,channel0,1,4,PHYSICAL_SHIFT,P,1000004,0.0
isolation,nominal-preview-faithful-preview,channel0,1,4,PHYSICAL_SHIFT,P,1000005,0.0
isolation,nominal-preview-faithful-preview,channel0,1,4,PHYSICAL_SHIFT,P,1000006,0.0
isolation,nominal-preview-faithful-preview,channel0,1,4,PHYSICAL_SHIFT,P,1000007,0.0
isolation,nominal-preview-faithful-preview,channel0,1,4,PHYSICAL_SHIFT,P,1000008,0.0
isolation,nominal-preview-faithful-preview,channel0,1,4,PHYSICAL_SHIFT,P,1000009,0.0
isolation,nominal-preview-faithful-preview,channel0,1,4,PHYSICAL_SHIFT,P,1000010,0.0
isolation,nominal-preview-faithful-preview,channel0,1,4,PHYSICAL_SHIFT,P,1000011,0.0
isolation,nominal-preview-faithful-preview,channel0,1,4,PHYSICAL_SHIFT,P,1000012,0.0
isolation,nominal-preview-faithful-preview,channel0,1,4,PHYSICAL_SHIFT,P,1000013,0.0
isolation,nominal-preview-faithful-preview,channel0,1,4,PHYSICAL_SHIFT,P,1000014,0.0
isolation,nominal-preview-faithful-preview,channel0,1,4,PHYSICAL_SHIFT,P,1000015,0.0
isolation,nominal-preview-faithful-preview,channel0,1,4,PHYSICAL_SHIFT,P,1000016,0.0
isolation,nominal-preview-faithful-preview,channel0,1,4,PHYSICAL_SHIFT,P,1000017,0.0
isolation,nominal-preview-faithful-preview,channel0,1,4,PHYSICAL_SHIFT,P,1000018,0.0
isolation,nominal-preview-faithful-preview,channel0,1,4,PHYSICAL_SHIFT,P,1000019,0.0
isolation,nominal-preview-faithful-preview,channel0,1,4,PHYSICAL_SHIFT,P,1000020,0.0
isolation,nominal-preview-faithful-preview,channel0,1,48,PHYSICAL_SHIFT,B,1000001,0.0
isolation,nominal-preview-faithful-preview,channel0,1,48,PHYSICAL_SHIFT,B,1000002,0.0
isolation,nominal-preview-faithful-preview,channel0,1,48,PHYSICAL_SHIFT,B,1000003,0.0
isolation,nominal-preview-faithful-preview,channel0,1,48,PHYSICAL_SHIFT,B,1000004,0.0
isolation,nominal-preview-faithful-preview,channel0,1,48,PHYSICAL_SHIFT,B,1000005,0.0
isolation,nominal-preview-faithful-preview,channel0,1,48,PHYSICAL_SHIFT,B,1000006,0.0
isolation,nominal-preview-faithful-preview,channel0,1,48,PHYSICAL_SHIFT,B,1000007,0.0
isolation,nominal-preview-faithful-preview,channel0,1,48,PHYSICAL_SHIFT,B,1000008,0.0
isolation,nominal-preview-faithful-preview,channel0,1,48,PHYSICAL_SHIFT,B,1000009,0.0
isolation,nominal-preview-faithful-preview,channel0,1,48,PHYSICAL_SHIFT,B,1000010,0.0
isolation,nominal-preview-faithful-preview,channel0,1,48,PHYSICAL_SHIFT,B,1000011,0.0
isolation,nominal-preview-faithful-preview,channel0,1,48,PHYSICAL_SHIFT,B,1000012,0.0
isolation,nominal-preview-faithful-preview,channel0,1,48,PHYSICAL_SHIFT,B,1000013,0.0
isolation,nominal-preview-faithful-preview,channel0,1,48,PHYSICAL_SHIFT,B,1000014,0.0
isolation,nominal-preview-faithful-preview,channel0,1,48,PHYSICAL_SHIFT,B,1000015,0.0
isolation,nominal-preview-faithful-preview,channel0,1,48,PHYSICAL_SHIFT,B,1000016,0.0
isolation,nominal-preview-faithful-preview,channel0,1,48,PHYSICAL_SHIFT,B,1000017,0.0
isolation,nominal-preview-faithful-preview,channel0,1,48,PHYSICAL_SHIFT,B,1000018,0.0
isolation,nominal-preview-faithful-preview,channel0,1,48,PHYSICAL_SHIFT,B,1000019,0.0
isolation,nominal-preview-faithful-preview,channel0,1,48,PHYSICAL_SHIFT,B,1000020,0.0
isolation,nominal-preview-faithful-preview,channel0,1,48,PHYSICAL_SHIFT,L,1000001,0.0
isolation,nominal-preview-faithful-preview,channel0,1,48,PHYSICAL_SHIFT,L,1000002,0.0
isolation,nominal-preview-faithful-preview,channel0,1,48,PHYSICAL_SHIFT,L,1000003,0.0
isolation,nominal-preview-faithful-preview,channel0,1,48,PHYSICAL_SHIFT,L,1000004,0.0
isolation,nominal-preview-faithful-preview,channel0,1,48,PHYSICAL_SHIFT,L,1000005,0.0
isolation,nominal-preview-faithful-preview,channel0,1,48,PHYSICAL_SHIFT,L,1000006,0.0
isolation,nominal-preview-faithful-preview,channel0,1,48,PHYSICAL_SHIFT,L,1000007,0.0
isolation,nominal-preview-faithful-preview,channel0,1,48,PHYSICAL_SHIFT,L,1000008,0.0
isolation,nominal-preview-faithful-preview,channel0,1,48,PHYSICAL_SHIFT,L,1000009,0.0
isolation,nominal-preview-faithful-preview,channel0,1,48,PHYSICAL_SHIFT,L,1000010,0.0
isolation,nominal-preview-faithful-preview,channel0,1,48,PHYSICAL_SHIFT,L,1000011,0.0
isolation,nominal-preview-faithful-preview,channel0,1,48,PHYSICAL_SHIFT,L,1000012,0.0
isolation,nominal-preview-faithful-preview,channel0,1,48,PHYSICAL_SHIFT,L,1000013,0.0
isolation,nominal-preview-faithful-preview,channel0,1,48,PHYSICAL_SHIFT,L,1000014,0.0
isolation,nominal-preview-faithful-preview,channel0,1,48,PHYSICAL_SHIFT,L,1000015,0.0
isolation,nominal-preview-faithful-preview,channel0,1,48,PHYSICAL_SHIFT,L,1000016,0.0
isolation,nominal-preview-faithful-preview,channel0,1,48,PHYSICAL_SHIFT,L,1000017,0.0
isolation,nominal-preview-faithful-preview,channel0,1,48,PHYSICAL_SHIFT,L,1000018,0.0
isolation,nominal-preview-faithful-preview,channel0,1,48,PHYSICAL_SHIFT,L,1000019,0.0
isolation,nominal-preview-faithful-preview,channel0,1,48,PHYSICAL_SHIFT,L,1000020,0.0
isolation,nominal-preview-faithful-preview,channel0,1,48,PHYSICAL_SHIFT,P,1000001,0.0
isolation,nominal-preview-faithful-preview,channel0,1,48,PHYSICAL_SHIFT,P,1000002,0.0
isolation,nominal-preview-faithful-preview,channel0,1,48,PHYSICAL_SHIFT,P,1000003,0.0
isolation,nominal-preview-faithful-preview,channel0,1,48,PHYSICAL_SHIFT,P,1000004,0.0
isolation,nominal-preview-faithful-preview,channel0,1,48,PHYSICAL_SHIFT,P,1000005,0.0
isolation,nominal-preview-faithful-preview,channel0,1,48,PHYSICAL_SHIFT,P,1000006,0.0
isolation,nominal-preview-faithful-preview,channel0,1,48,PHYSICAL_SHIFT,P,1000007,0.0
isolation,nominal-preview-faithful-preview,channel0,1,48,PHYSICAL_SHIFT,P,1000008,0.0
isolation,nominal-preview-faithful-preview,channel0,1,48,PHYSICAL_SHIFT,P,1000009,0.0
isolation,nominal-preview-faithful-preview,channel0,1,48,PHYSICAL_SHIFT,P,1000010,0.0
isolation,nominal-preview-faithful-preview,channel0,1,48,PHYSICAL_SHIFT,P,1000011,0.0
isolation,nominal-preview-faithful-preview,channel0,1,48,PHYSICAL_SHIFT,P,1000012,0.0
isolation,nominal-preview-faithful-preview,channel0,1,48,PHYSICAL_SHIFT,P,1000013,0.0
isolation,nominal-preview-faithful-preview,channel0,1,48,PHYSICAL_SHIFT,P,1000014,0.0
isolation,nominal-preview-faithful-preview,channel0,1,48,PHYSICAL_SHIFT,P,1000015,0.0
isolation,nominal-preview-faithful-preview,channel0,1,48,PHYSICAL_SHIFT,P,1000016,0.0
isolation,nominal-preview-faithful-preview,channel0,1,48,PHYSICAL_SHIFT,P,1000017,0.0
isolation,nominal-preview-faithful-preview,channel0,1,48,PHYSICAL_SHIFT,P,1000018,0.0
isolation,nominal-preview-faithful-preview,channel0,1,48,PHYSICAL_SHIFT,P,1000019,0.0
isolation,nominal-preview-faithful-preview,channel0,1,48,PHYSICAL_SHIFT,P,1000020,0.0
isolation,nominal-preview-faithful-preview,median,1,4,PHYSICAL_SHIFT,B,1000001,0.0
isolation,nominal-preview-faithful-preview,median,1,4,PHYSICAL_SHIFT,B,1000002,0.0
isolation,nominal-preview-faithful-preview,median,1,4,PHYSICAL_SHIFT,B,1000003,0.0
isolation,nominal-preview-faithful-preview,median,1,4,PHYSICAL_SHIFT,B,1000004,0.0
isolation,nominal-preview-faithful-preview,median,1,4,PHYSICAL_SHIFT,B,1000005,0.0
isolation,nominal-preview-faithful-preview,median,1,4,PHYSICAL_SHIFT,B,1000006,0.0
isolation,nominal-preview-faithful-preview,median,1,4,PHYSICAL_SHIFT,B,1000007,0.0
isolation,nominal-preview-faithful-preview,median,1,4,PHYSICAL_SHIFT,B,1000008,0.0
isolation,nominal-preview-faithful-preview,median,1,4,PHYSICAL_SHIFT,B,1000009,0.0
isolation,nominal-preview-faithful-preview,median,1,4,PHYSICAL_SHIFT,B,1000010,0.0
isolation,nominal-preview-faithful-preview,median,1,4,PHYSICAL_SHIFT,B,1000011,0.0
isolation,nominal-preview-faithful-preview,median,1,4,PHYSICAL_SHIFT,B,1000012,0.0
isolation,nominal-preview-faithful-preview,median,1,4,PHYSICAL_SHIFT,B,1000013,0.0
isolation,nominal-preview-faithful-preview,median,1,4,PHYSICAL_SHIFT,B,1000014,0.0
isolation,nominal-preview-faithful-preview,median,1,4,PHYSICAL_SHIFT,B,1000015,0.0
isolation,nominal-preview-faithful-preview,median,1,4,PHYSICAL_SHIFT,B,1000016,0.0
isolation,nominal-preview-faithful-preview,median,1,4,PHYSICAL_SHIFT,B,1000017,0.0
isolation,nominal-preview-faithful-preview,median,1,4,PHYSICAL_SHIFT,B,1000018,0.0
isolation,nominal-preview-faithful-preview,median,1,4,PHYSICAL_SHIFT,B,1000019,0.0
isolation,nominal-preview-faithful-preview,median,1,4,PHYSICAL_SHIFT,B,1000020,0.0
isolation,nominal-preview-faithful-preview,median,1,4,PHYSICAL_SHIFT,L,1000001,0.0
isolation,nominal-preview-faithful-preview,median,1,4,PHYSICAL_SHIFT,L,1000002,0.0
isolation,nominal-preview-faithful-preview,median,1,4,PHYSICAL_SHIFT,L,1000003,0.0
isolation,nominal-preview-faithful-preview,median,1,4,PHYSICAL_SHIFT,L,1000004,0.0
isolation,nominal-preview-faithful-preview,median,1,4,PHYSICAL_SHIFT,L,1000005,0.0
isolation,nominal-preview-faithful-preview,median,1,4,PHYSICAL_SHIFT,L,1000006,0.0
isolation,nominal-preview-faithful-preview,median,1,4,PHYSICAL_SHIFT,L,1000007,0.0
isolation,nominal-preview-faithful-preview,median,1,4,PHYSICAL_SHIFT,L,1000008,0.0
isolation,nominal-preview-faithful-preview,median,1,4,PHYSICAL_SHIFT,L,1000009,0.0
isolation,nominal-preview-faithful-preview,median,1,4,PHYSICAL_SHIFT,L,1000010,0.0
isolation,nominal-preview-faithful-preview,median,1,4,PHYSICAL_SHIFT,L,1000011,0.0
isolation,nominal-preview-faithful-preview,median,1,4,PHYSICAL_SHIFT,L,1000012,0.0
isolation,nominal-preview-faithful-preview,median,1,4,PHYSICAL_SHIFT,L,1000013,0.0
isolation,nominal-preview-faithful-preview,median,1,4,PHYSICAL_SHIFT,L,1000014,0.0
isolation,nominal-preview-faithful-preview,median,1,4,PHYSICAL_SHIFT,L,1000015,0.0
isolation,nominal-preview-faithful-preview,median,1,4,PHYSICAL_SHIFT,L,1000016,0.0
isolation,nominal-preview-faithful-preview,median,1,4,PHYSICAL_SHIFT,L,1000017,0.0
isolation,nominal-preview-faithful-preview,median,1,4,PHYSICAL_SHIFT,L,1000018,0.0
isolation,nominal-preview-faithful-preview,median,1,4,PHYSICAL_SHIFT,L,1000019,0.0
isolation,nominal-preview-faithful-preview,median,1,4,PHYSICAL_SHIFT,L,1000020,0.0
isolation,nominal-preview-faithful-preview,median,1,4,PHYSICAL_SHIFT,P,1000001,0.0
isolation,nominal-preview-faithful-preview,median,1,4,PHYSICAL_SHIFT,P,1000002,0.0
isolation,nominal-preview-faithful-preview,median,1,4,PHYSICAL_SHIFT,P,1000003,0.0
isolation,nominal-preview-faithful-preview,median,1,4,PHYSICAL_SHIFT,P,1000004,0.0
isolation,nominal-preview-faithful-preview,median,1,4,PHYSICAL_SHIFT,P,1000005,0.0
isolation,nominal-preview-faithful-preview,median,1,4,PHYSICAL_SHIFT,P,1000006,0.0
isolation,nominal-preview-faithful-preview,median,1,4,PHYSICAL_SHIFT,P,1000007,0.0
isolation,nominal-preview-faithful-preview,median,1,4,PHYSICAL_SHIFT,P,1000008,0.0
isolation,nominal-preview-faithful-preview,median,1,4,PHYSICAL_SHIFT,P,1000009,0.0
isolation,nominal-preview-faithful-preview,median,1,4,PHYSICAL_SHIFT,P,1000010,0.0
isolation,nominal-preview-faithful-preview,median,1,4,PHYSICAL_SHIFT,P,1000011,0.0
isolation,nominal-preview-faithful-preview,median,1,4,PHYSICAL_SHIFT,P,1000012,0.0
isolation,nominal-preview-faithful-preview,median,1,4,PHYSICAL_SHIFT,P,1000013,0.0
isolation,nominal-preview-faithful-preview,median,1,4,PHYSICAL_SHIFT,P,1000014,0.0
isolation,nominal-preview-faithful-preview,median,1,4,PHYSICAL_SHIFT,P,1000015,0.0
isolation,nominal-preview-faithful-preview,median,1,4,PHYSICAL_SHIFT,P,1000016,0.0
isolation,nominal-preview-faithful-preview,median,1,4,PHYSICAL_SHIFT,P,1000017,0.0
isolation,nominal-preview-faithful-preview,median,1,4,PHYSICAL_SHIFT,P,1000018,0.0
isolation,nominal-preview-faithful-preview,median,1,4,PHYSICAL_SHIFT,P,1000019,0.0
isolation,nominal-preview-faithful-preview,median,1,4,PHYSICAL_SHIFT,P,1000020,0.0
isolation,nominal-preview-faithful-preview,median,1,48,PHYSICAL_SHIFT,B,1000001,0.0
isolation,nominal-preview-faithful-preview,median,1,48,PHYSICAL_SHIFT,B,1000002,0.0
isolation,nominal-preview-faithful-preview,median,1,48,PHYSICAL_SHIFT,B,1000003,0.0
isolation,nominal-preview-faithful-preview,median,1,48,PHYSICAL_SHIFT,B,1000004,0.0
isolation,nominal-preview-faithful-preview,median,1,48,PHYSICAL_SHIFT,B,1000005,0.0
isolation,nominal-preview-faithful-preview,median,1,48,PHYSICAL_SHIFT,B,1000006,0.0
isolation,nominal-preview-faithful-preview,median,1,48,PHYSICAL_SHIFT,B,1000007,0.0
isolation,nominal-preview-faithful-preview,median,1,48,PHYSICAL_SHIFT,B,1000008,0.0
isolation,nominal-preview-faithful-preview,median,1,48,PHYSICAL_SHIFT,B,1000009,0.0
isolation,nominal-preview-faithful-preview,median,1,48,PHYSICAL_SHIFT,B,1000010,0.0
isolation,nominal-preview-faithful-preview,median,1,48,PHYSICAL_SHIFT,B,1000011,0.0
isolation,nominal-preview-faithful-preview,median,1,48,PHYSICAL_SHIFT,B,1000012,0.0
isolation,nominal-preview-faithful-preview,median,1,48,PHYSICAL_SHIFT,B,1000013,0.0
isolation,nominal-preview-faithful-preview,median,1,48,PHYSICAL_SHIFT,B,1000014,0.0
isolation,nominal-preview-faithful-preview,median,1,48,PHYSICAL_SHIFT,B,1000015,0.0
isolation,nominal-preview-faithful-preview,median,1,48,PHYSICAL_SHIFT,B,1000016,0.0
isolation,nominal-preview-faithful-preview,median,1,48,PHYSICAL_SHIFT,B,1000017,0.0
isolation,nominal-preview-faithful-preview,median,1,48,PHYSICAL_SHIFT,B,1000018,0.0
isolation,nominal-preview-faithful-preview,median,1,48,PHYSICAL_SHIFT,B,1000019,0.0
isolation,nominal-preview-faithful-preview,median,1,48,PHYSICAL_SHIFT,B,1000020,0.0
isolation,nominal-preview-faithful-preview,median,1,48,PHYSICAL_SHIFT,L,1000001,-0.0033333333333334103
isolation,nominal-preview-faithful-preview,median,1,48,PHYSICAL_SHIFT,L,1000002,-0.0033333333333334103
isolation,nominal-preview-faithful-preview,median,1,48,PHYSICAL_SHIFT,L,1000003,0.0
isolation,nominal-preview-faithful-preview,median,1,48,PHYSICAL_SHIFT,L,1000004,0.0
isolation,nominal-preview-faithful-preview,median,1,48,PHYSICAL_SHIFT,L,1000005,-0.0033333333333334103
isolation,nominal-preview-faithful-preview,median,1,48,PHYSICAL_SHIFT,L,1000006,0.0
isolation,nominal-preview-faithful-preview,median,1,48,PHYSICAL_SHIFT,L,1000007,-0.0033333333333334103
isolation,nominal-preview-faithful-preview,median,1,48,PHYSICAL_SHIFT,L,1000008,-0.0033333333333332993
isolation,nominal-preview-faithful-preview,median,1,48,PHYSICAL_SHIFT,L,1000009,0.0
isolation,nominal-preview-faithful-preview,median,1,48,PHYSICAL_SHIFT,L,1000010,0.0
isolation,nominal-preview-faithful-preview,median,1,48,PHYSICAL_SHIFT,L,1000011,0.0
isolation,nominal-preview-faithful-preview,median,1,48,PHYSICAL_SHIFT,L,1000012,-0.0033333333333332993
isolation,nominal-preview-faithful-preview,median,1,48,PHYSICAL_SHIFT,L,1000013,-0.0033333333333332993
isolation,nominal-preview-faithful-preview,median,1,48,PHYSICAL_SHIFT,L,1000014,0.0
isolation,nominal-preview-faithful-preview,median,1,48,PHYSICAL_SHIFT,L,1000015,0.0
isolation,nominal-preview-faithful-preview,median,1,48,PHYSICAL_SHIFT,L,1000016,0.0
isolation,nominal-preview-faithful-preview,median,1,48,PHYSICAL_SHIFT,L,1000017,0.0
isolation,nominal-preview-faithful-preview,median,1,48,PHYSICAL_SHIFT,L,1000018,0.0
isolation,nominal-preview-faithful-preview,median,1,48,PHYSICAL_SHIFT,L,1000019,0.0
isolation,nominal-preview-faithful-preview,median,1,48,PHYSICAL_SHIFT,L,1000020,-0.006666666666666599
isolation,nominal-preview-faithful-preview,median,1,48,PHYSICAL_SHIFT,P,1000001,-0.012500000000000067
isolation,nominal-preview-faithful-preview,median,1,48,PHYSICAL_SHIFT,P,1000002,-0.012500000000000067
isolation,nominal-preview-faithful-preview,median,1,48,PHYSICAL_SHIFT,P,1000003,0.0
isolation,nominal-preview-faithful-preview,median,1,48,PHYSICAL_SHIFT,P,1000004,0.0
isolation,nominal-preview-faithful-preview,median,1,48,PHYSICAL_SHIFT,P,1000005,-0.010000000000000009
isolation,nominal-preview-faithful-preview,median,1,48,PHYSICAL_SHIFT,P,1000006,0.0
isolation,nominal-preview-faithful-preview,median,1,48,PHYSICAL_SHIFT,P,1000007,-0.012500000000000067
isolation,nominal-preview-faithful-preview,median,1,48,PHYSICAL_SHIFT,P,1000008,-0.010000000000000009
isolation,nominal-preview-faithful-preview,median,1,48,PHYSICAL_SHIFT,P,1000009,0.0
isolation,nominal-preview-faithful-preview,median,1,48,PHYSICAL_SHIFT,P,1000010,0.0
isolation,nominal-preview-faithful-preview,median,1,48,PHYSICAL_SHIFT,P,1000011,0.0
isolation,nominal-preview-faithful-preview,median,1,48,PHYSICAL_SHIFT,P,1000012,-0.010000000000000009
isolation,nominal-preview-faithful-preview,median,1,48,PHYSICAL_SHIFT,P,1000013,-0.007499999999999951
isolation,nominal-preview-faithful-preview,median,1,48,PHYSICAL_SHIFT,P,1000014,0.0
isolation,nominal-preview-faithful-preview,median,1,48,PHYSICAL_SHIFT,P,1000015,-0.0050000000000000044
isolation,nominal-preview-faithful-preview,median,1,48,PHYSICAL_SHIFT,P,1000016,0.00032291666666672825
isolation,nominal-preview-faithful-preview,median,1,48,PHYSICAL_SHIFT,P,1000017,0.0
isolation,nominal-preview-faithful-preview,median,1,48,PHYSICAL_SHIFT,P,1000018,0.0
isolation,nominal-preview-faithful-preview,median,1,48,PHYSICAL_SHIFT,P,1000019,0.0
isolation,nominal-preview-faithful-preview,median,1,48,PHYSICAL_SHIFT,P,1000020,-0.0024999999999999467
isolation,nominal-preview-faithful-preview,channel2,1,4,PHYSICAL_SHIFT,B,1000001,0.0
isolation,nominal-preview-faithful-preview,channel2,1,4,PHYSICAL_SHIFT,B,1000002,0.0
isolation,nominal-preview-faithful-preview,channel2,1,4,PHYSICAL_SHIFT,B,1000003,0.0
isolation,nominal-preview-faithful-preview,channel2,1,4,PHYSICAL_SHIFT,B,1000004,0.0
isolation,nominal-preview-faithful-preview,channel2,1,4,PHYSICAL_SHIFT,B,1000005,0.0
isolation,nominal-preview-faithful-preview,channel2,1,4,PHYSICAL_SHIFT,B,1000006,0.0
isolation,nominal-preview-faithful-preview,channel2,1,4,PHYSICAL_SHIFT,B,1000007,0.0
isolation,nominal-preview-faithful-preview,channel2,1,4,PHYSICAL_SHIFT,B,1000008,0.0
isolation,nominal-preview-faithful-preview,channel2,1,4,PHYSICAL_SHIFT,B,1000009,0.0
isolation,nominal-preview-faithful-preview,channel2,1,4,PHYSICAL_SHIFT,B,1000010,0.0
isolation,nominal-preview-faithful-preview,channel2,1,4,PHYSICAL_SHIFT,B,1000011,0.0
isolation,nominal-preview-faithful-preview,channel2,1,4,PHYSICAL_SHIFT,B,1000012,0.0
isolation,nominal-preview-faithful-preview,channel2,1,4,PHYSICAL_SHIFT,B,1000013,0.0
isolation,nominal-preview-faithful-preview,channel2,1,4,PHYSICAL_SHIFT,B,1000014,0.0
isolation,nominal-preview-faithful-preview,channel2,1,4,PHYSICAL_SHIFT,B,1000015,0.0
isolation,nominal-preview-faithful-preview,channel2,1,4,PHYSICAL_SHIFT,B,1000016,0.0
isolation,nominal-preview-faithful-preview,channel2,1,4,PHYSICAL_SHIFT,B,1000017,0.0
isolation,nominal-preview-faithful-preview,channel2,1,4,PHYSICAL_SHIFT,B,1000018,0.0
isolation,nominal-preview-faithful-preview,channel2,1,4,PHYSICAL_SHIFT,B,1000019,0.0
isolation,nominal-preview-faithful-preview,channel2,1,4,PHYSICAL_SHIFT,B,1000020,0.0
isolation,nominal-preview-faithful-preview,channel2,1,4,PHYSICAL_SHIFT,L,1000001,0.0
isolation,nominal-preview-faithful-preview,channel2,1,4,PHYSICAL_SHIFT,L,1000002,0.0
isolation,nominal-preview-faithful-preview,channel2,1,4,PHYSICAL_SHIFT,L,1000003,0.0
isolation,nominal-preview-faithful-preview,channel2,1,4,PHYSICAL_SHIFT,L,1000004,0.0
isolation,nominal-preview-faithful-preview,channel2,1,4,PHYSICAL_SHIFT,L,1000005,0.0
isolation,nominal-preview-faithful-preview,channel2,1,4,PHYSICAL_SHIFT,L,1000006,0.0
isolation,nominal-preview-faithful-preview,channel2,1,4,PHYSICAL_SHIFT,L,1000007,0.0
isolation,nominal-preview-faithful-preview,channel2,1,4,PHYSICAL_SHIFT,L,1000008,0.0
isolation,nominal-preview-faithful-preview,channel2,1,4,PHYSICAL_SHIFT,L,1000009,0.0
isolation,nominal-preview-faithful-preview,channel2,1,4,PHYSICAL_SHIFT,L,1000010,0.0
isolation,nominal-preview-faithful-preview,channel2,1,4,PHYSICAL_SHIFT,L,1000011,0.0
isolation,nominal-preview-faithful-preview,channel2,1,4,PHYSICAL_SHIFT,L,1000012,0.0
isolation,nominal-preview-faithful-preview,channel2,1,4,PHYSICAL_SHIFT,L,1000013,0.0
isolation,nominal-preview-faithful-preview,channel2,1,4,PHYSICAL_SHIFT,L,1000014,0.0
isolation,nominal-preview-faithful-preview,channel2,1,4,PHYSICAL_SHIFT,L,1000015,0.0
isolation,nominal-preview-faithful-preview,channel2,1,4,PHYSICAL_SHIFT,L,1000016,0.0
isolation,nominal-preview-faithful-preview,channel2,1,4,PHYSICAL_SHIFT,L,1000017,0.0
isolation,nominal-preview-faithful-preview,channel2,1,4,PHYSICAL_SHIFT,L,1000018,0.0
isolation,nominal-preview-faithful-preview,channel2,1,4,PHYSICAL_SHIFT,L,1000019,0.0
isolation,nominal-preview-faithful-preview,channel2,1,4,PHYSICAL_SHIFT,L,1000020,0.0
isolation,nominal-preview-faithful-preview,channel2,1,4,PHYSICAL_SHIFT,P,1000001,0.0
isolation,nominal-preview-faithful-preview,channel2,1,4,PHYSICAL_SHIFT,P,1000002,0.0
isolation,nominal-preview-faithful-preview,channel2,1,4,PHYSICAL_SHIFT,P,1000003,0.0
isolation,nominal-preview-faithful-preview,channel2,1,4,PHYSICAL_SHIFT,P,1000004,0.0
isolation,nominal-preview-faithful-preview,channel2,1,4,PHYSICAL_SHIFT,P,1000005,0.0
isolation,nominal-preview-faithful-preview,channel2,1,4,PHYSICAL_SHIFT,P,1000006,0.0
isolation,nominal-preview-faithful-preview,channel2,1,4,PHYSICAL_SHIFT,P,1000007,0.0
isolation,nominal-preview-faithful-preview,channel2,1,4,PHYSICAL_SHIFT,P,1000008,0.0
isolation,nominal-preview-faithful-preview,channel2,1,4,PHYSICAL_SHIFT,P,1000009,0.0
isolation,nominal-preview-faithful-preview,channel2,1,4,PHYSICAL_SHIFT,P,1000010,0.0
isolation,nominal-preview-faithful-preview,channel2,1,4,PHYSICAL_SHIFT,P,1000011,0.0
isolation,nominal-preview-faithful-preview,channel2,1,4,PHYSICAL_SHIFT,P,1000012,0.0
isolation,nominal-preview-faithful-preview,channel2,1,4,PHYSICAL_SHIFT,P,1000013,0.0
isolation,nominal-preview-faithful-preview,channel2,1,4,PHYSICAL_SHIFT,P,1000014,0.0
isolation,nominal-preview-faithful-preview,channel2,1,4,PHYSICAL_SHIFT,P,1000015,0.0
isolation,nominal-preview-faithful-preview,channel2,1,4,PHYSICAL_SHIFT,P,1000016,0.0
isolation,nominal-preview-faithful-preview,channel2,1,4,PHYSICAL_SHIFT,P,1000017,0.0
isolation,nominal-preview-faithful-preview,channel2,1,4,PHYSICAL_SHIFT,P,1000018,0.0
isolation,nominal-preview-faithful-preview,channel2,1,4,PHYSICAL_SHIFT,P,1000019,0.0
isolation,nominal-preview-faithful-preview,channel2,1,4,PHYSICAL_SHIFT,P,1000020,0.0
isolation,nominal-preview-faithful-preview,channel2,1,48,PHYSICAL_SHIFT,B,1000001,0.0
isolation,nominal-preview-faithful-preview,channel2,1,48,PHYSICAL_SHIFT,B,1000002,0.0
isolation,nominal-preview-faithful-preview,channel2,1,48,PHYSICAL_SHIFT,B,1000003,0.0
isolation,nominal-preview-faithful-preview,channel2,1,48,PHYSICAL_SHIFT,B,1000004,0.0
isolation,nominal-preview-faithful-preview,channel2,1,48,PHYSICAL_SHIFT,B,1000005,0.0
isolation,nominal-preview-faithful-preview,channel2,1,48,PHYSICAL_SHIFT,B,1000006,0.0
isolation,nominal-preview-faithful-preview,channel2,1,48,PHYSICAL_SHIFT,B,1000007,0.0
isolation,nominal-preview-faithful-preview,channel2,1,48,PHYSICAL_SHIFT,B,1000008,0.0
isolation,nominal-preview-faithful-preview,channel2,1,48,PHYSICAL_SHIFT,B,1000009,0.0
isolation,nominal-preview-faithful-preview,channel2,1,48,PHYSICAL_SHIFT,B,1000010,0.0
isolation,nominal-preview-faithful-preview,channel2,1,48,PHYSICAL_SHIFT,B,1000011,0.0
isolation,nominal-preview-faithful-preview,channel2,1,48,PHYSICAL_SHIFT,B,1000012,0.0
isolation,nominal-preview-faithful-preview,channel2,1,48,PHYSICAL_SHIFT,B,1000013,0.0
isolation,nominal-preview-faithful-preview,channel2,1,48,PHYSICAL_SHIFT,B,1000014,0.0
isolation,nominal-preview-faithful-preview,channel2,1,48,PHYSICAL_SHIFT,B,1000015,0.0
isolation,nominal-preview-faithful-preview,channel2,1,48,PHYSICAL_SHIFT,B,1000016,0.0
isolation,nominal-preview-faithful-preview,channel2,1,48,PHYSICAL_SHIFT,B,1000017,0.0
isolation,nominal-preview-faithful-preview,channel2,1,48,PHYSICAL_SHIFT,B,1000018,0.0
isolation,nominal-preview-faithful-preview,channel2,1,48,PHYSICAL_SHIFT,B,1000019,0.0
isolation,nominal-preview-faithful-preview,channel2,1,48,PHYSICAL_SHIFT,B,1000020,0.0
isolation,nominal-preview-faithful-preview,channel2,1,48,PHYSICAL_SHIFT,L,1000001,-0.0033333333333334103
isolation,nominal-preview-faithful-preview,channel2,1,48,PHYSICAL_SHIFT,L,1000002,-0.0033333333333334103
isolation,nominal-preview-faithful-preview,channel2,1,48,PHYSICAL_SHIFT,L,1000003,-0.0033333333333334103
isolation,nominal-preview-faithful-preview,channel2,1,48,PHYSICAL_SHIFT,L,1000004,-0.0033333333333331883
isolation,nominal-preview-faithful-preview,channel2,1,48,PHYSICAL_SHIFT,L,1000005,0.0
isolation,nominal-preview-faithful-preview,channel2,1,48,PHYSICAL_SHIFT,L,1000006,0.0
isolation,nominal-preview-faithful-preview,channel2,1,48,PHYSICAL_SHIFT,L,1000007,0.0
isolation,nominal-preview-faithful-preview,channel2,1,48,PHYSICAL_SHIFT,L,1000008,0.0
isolation,nominal-preview-faithful-preview,channel2,1,48,PHYSICAL_SHIFT,L,1000009,-0.0033333333333332993
isolation,nominal-preview-faithful-preview,channel2,1,48,PHYSICAL_SHIFT,L,1000010,-0.0033333333333332993
isolation,nominal-preview-faithful-preview,channel2,1,48,PHYSICAL_SHIFT,L,1000011,0.0
isolation,nominal-preview-faithful-preview,channel2,1,48,PHYSICAL_SHIFT,L,1000012,0.0
isolation,nominal-preview-faithful-preview,channel2,1,48,PHYSICAL_SHIFT,L,1000013,0.0
isolation,nominal-preview-faithful-preview,channel2,1,48,PHYSICAL_SHIFT,L,1000014,-0.010000000000000009
isolation,nominal-preview-faithful-preview,channel2,1,48,PHYSICAL_SHIFT,L,1000015,-0.0033333333333334103
isolation,nominal-preview-faithful-preview,channel2,1,48,PHYSICAL_SHIFT,L,1000016,0.0
isolation,nominal-preview-faithful-preview,channel2,1,48,PHYSICAL_SHIFT,L,1000017,0.0
isolation,nominal-preview-faithful-preview,channel2,1,48,PHYSICAL_SHIFT,L,1000018,0.0
isolation,nominal-preview-faithful-preview,channel2,1,48,PHYSICAL_SHIFT,L,1000019,0.0
isolation,nominal-preview-faithful-preview,channel2,1,48,PHYSICAL_SHIFT,L,1000020,0.0
isolation,nominal-preview-faithful-preview,channel2,1,48,PHYSICAL_SHIFT,P,1000001,-0.007500000000000062
isolation,nominal-preview-faithful-preview,channel2,1,48,PHYSICAL_SHIFT,P,1000002,-0.0050000000000000044
isolation,nominal-preview-faithful-preview,channel2,1,48,PHYSICAL_SHIFT,P,1000003,-0.013125000000000053
isolation,nominal-preview-faithful-preview,channel2,1,48,PHYSICAL_SHIFT,P,1000004,-0.010000000000000009
isolation,nominal-preview-faithful-preview,channel2,1,48,PHYSICAL_SHIFT,P,1000005,0.0
isolation,nominal-preview-faithful-preview,channel2,1,48,PHYSICAL_SHIFT,P,1000006,0.0
isolation,nominal-preview-faithful-preview,channel2,1,48,PHYSICAL_SHIFT,P,1000007,0.0
isolation,nominal-preview-faithful-preview,channel2,1,48,PHYSICAL_SHIFT,P,1000008,0.0
isolation,nominal-preview-faithful-preview,channel2,1,48,PHYSICAL_SHIFT,P,1000009,-0.012500000000000067
isolation,nominal-preview-faithful-preview,channel2,1,48,PHYSICAL_SHIFT,P,1000010,-0.012499999999999956
isolation,nominal-preview-faithful-preview,channel2,1,48,PHYSICAL_SHIFT,P,1000011,0.0
isolation,nominal-preview-faithful-preview,channel2,1,48,PHYSICAL_SHIFT,P,1000012,0.0
isolation,nominal-preview-faithful-preview,channel2,1,48,PHYSICAL_SHIFT,P,1000013,0.0
isolation,nominal-preview-faithful-preview,channel2,1,48,PHYSICAL_SHIFT,P,1000014,-0.0024999999999999467
isolation,nominal-preview-faithful-preview,channel2,1,48,PHYSICAL_SHIFT,P,1000015,-0.007499999999999951
isolation,nominal-preview-faithful-preview,channel2,1,48,PHYSICAL_SHIFT,P,1000016,0.00032291666666672825
isolation,nominal-preview-faithful-preview,channel2,1,48,PHYSICAL_SHIFT,P,1000017,0.0
isolation,nominal-preview-faithful-preview,channel2,1,48,PHYSICAL_SHIFT,P,1000018,0.0
isolation,nominal-preview-faithful-preview,channel2,1,48,PHYSICAL_SHIFT,P,1000019,0.0
isolation,nominal-preview-faithful-preview,channel2,1,48,PHYSICAL_SHIFT,P,1000020,0.0
