family,contrast,control,V,K,regime,metric,effect,lower,upper,family_size,zero_sample_variance
measurement,repeat0-channel0,repeat0,0,48,NOMINAL,B,0.0,0.0,0.0,36,True
measurement,repeat0-channel0,repeat0,0,48,NOMINAL,L,-0.0020364583333333337,-0.00554479520516575,0.0014718785384990824,36,False
measurement,repeat0-channel0,repeat0,0,48,NOMINAL,P,0.0008817708333333285,-0.0006616702887830588,0.002425211955449716,36,False
measurement,repeat0-channel0,repeat0,0,48,COMMON_BIAS,B,0.0,0.0,0.0,36,True
measurement,repeat0-channel0,repeat0,0,48,COMMON_BIAS,L,-0.0020364583333333337,-0.00554479520516575,0.0014718785384990824,36,False
measurement,repeat0-channel0,repeat0,0,48,COMMON_BIAS,P,0.0008817708333333285,-0.0006616702887830588,0.002425211955449716,36,False
measurement,repeat0-channel0,repeat0,1,48,NOMINAL,B,0.0,0.0,0.0,36,True
measurement,repeat0-channel0,repeat0,1,48,NOMINAL,L,0.0,0.0,0.0,36,True
measurement,repeat0-channel0,repeat0,1,48,NOMINAL,P,0.0,0.0,0.0,36,True
measurement,repeat0-channel0,repeat0,1,48,COMMON_BIAS,B,0.0,0.0,0.0,36,True
measurement,repeat0-channel0,repeat0,1,48,COMMON_BIAS,L,0.0,0.0,0.0,36,True
measurement,repeat0-channel0,repeat0,1,48,COMMON_BIAS,P,0.0,0.0,0.0,36,True
measurement,rho90-median,rho90,0,48,NOMINAL,B,0.021354166666666667,-0.07984767645233448,0.1225560097856678,36,False
measurement,rho90-median,rho90,0,48,NOMINAL,L,-0.004747916666666674,-0.03598538804674044,0.02648955471340709,36,False
measurement,rho90-median,rho90,0,48,NOMINAL,P,-0.004939583333333342,-0.025468733775939945,0.015589567109273263,36,False
measurement,rho90-median,rho90,0,48,COMMON_BIAS,B,0.021354166666666667,-0.07984767645233448,0.1225560097856678,36,False
measurement,rho90-median,rho90,0,48,COMMON_BIAS,L,-0.004747916666666674,-0.03598538804674044,0.02648955471340709,36,False
measurement,rho90-median,rho90,0,48,COMMON_BIAS,P,-0.004939583333333342,-0.025468733775939945,0.015589567109273263,36,False
measurement,rho90-median,rho90,1,48,NOMINAL,B,0.0,0.0,0.0,36,True
measurement,rho90-median,rho90,1,48,NOMINAL,L,0.0018333333333333257,-0.004077585313881277,0.007744251980547928,36,False
measurement,rho90-median,rho90,1,48,NOMINAL,P,0.0046729166666666655,-0.00869291429318468,0.018038747626518012,36,False
measurement,rho90-median,rho90,1,48,COMMON_BIAS,B,-0.0020833333333333333,-0.0066400354871531935,0.0024733688204865265,36,False
measurement,rho90-median,rho90,1,48,COMMON_BIAS,L,0.007166666666666666,-0.007631194907876191,0.02196452824120952,36,False
measurement,rho90-median,rho90,1,48,COMMON_BIAS,P,0.00721666666666666,-0.009814981628310706,0.024248314961644025,36,False
measurement,mean-median,mean,0,48,NOMINAL,B,-0.06666666666666667,-0.15912307499957917,0.02578974166624584,36,False
measurement,mean-median,mean,0,48,NOMINAL,L,0.02558541666666666,0.004487182479645985,0.046683650853687336,36,False
measurement,mean-median,mean,0,48,NOMINAL,P,0.032046354166666666,0.013993642218584783,0.05009906611474855,36,False
measurement,mean-median,mean,0,48,COMMON_BIAS,B,0.04479166666666666,-0.02309578479274231,0.11267911812607563,36,False
measurement,mean-median,mean,0,48,COMMON_BIAS,L,-0.12041458333333332,-0.13526274944453265,-0.10556641722213402,36,False
measurement,mean-median,mean,0,48,COMMON_BIAS,P,0.03675416666666664,0.019268612907225542,0.054239720426107745,36,False
measurement,mean-median,mean,1,48,NOMINAL,B,0.0,0.0,0.0,36,True
measurement,mean-median,mean,1,48,NOMINAL,L,-0.014750000000000027,-0.02004760626447085,-0.009452393735529203,36,False
measurement,mean-median,mean,1,48,NOMINAL,P,-0.008367187500000007,-0.016208989449954136,-0.0005253855500458766,36,False
measurement,mean-median,mean,1,48,COMMON_BIAS,B,0.011979166666666666,-0.001654378866898034,0.025612712200231365,36,False
measurement,mean-median,mean,1,48,COMMON_BIAS,L,-0.016583333333333332,-0.03844369979634403,0.00527703312967737,36,False
measurement,mean-median,mean,1,48,COMMON_BIAS,P,-0.015155208333333342,-0.028460980557525002,-0.0018494361091416812,36,False
isolation,nominal-preview-faithful-preview,channel0,1,4,PHYSICAL_SHIFT,B,0.0,0.0,0.0,18,True
isolation,nominal-preview-faithful-preview,channel0,1,4,PHYSICAL_SHIFT,L,0.0,0.0,0.0,18,True
isolation,nominal-preview-faithful-preview,channel0,1,4,PHYSICAL_SHIFT,P,0.0,0.0,0.0,18,True
isolation,nominal-preview-faithful-preview,channel0,1,48,PHYSICAL_SHIFT,B,0.0,0.0,0.0,18,True
isolation,nominal-preview-faithful-preview,channel0,1,48,PHYSICAL_SHIFT,L,0.0,0.0,0.0,18,True
isolation,nominal-preview-faithful-preview,channel0,1,48,PHYSICAL_SHIFT,P,0.0,0.0,0.0,18,True
isolation,nominal-preview-faithful-preview,median,1,4,PHYSICAL_SHIFT,B,0.0,0.0,0.0,18,True
isolation,nominal-preview-faithful-preview,median,1,4,PHYSICAL_SHIFT,L,0.0,0.0,0.0,18,True
isolation,nominal-preview-faithful-preview,median,1,4,PHYSICAL_SHIFT,P,0.0,0.0,0.0,18,True
isolation,nominal-preview-faithful-preview,median,1,48,PHYSICAL_SHIFT,B,0.0,0.0,0.0,18,True
isolation,nominal-preview-faithful-preview,median,1,48,PHYSICAL_SHIFT,L,-0.001500000000000007,-0.00304832937573355,4.832937573353603e-05,18,False
isolation,nominal-preview-faithful-preview,median,1,48,PHYSICAL_SHIFT,P,-0.00410885416666667,-0.008121682591537224,-9.60257417961163e-05,18,False
isolation,nominal-preview-faithful-preview,channel2,1,4,PHYSICAL_SHIFT,B,0.0,0.0,0.0,18,True
isolation,nominal-preview-faithful-preview,channel2,1,4,PHYSICAL_SHIFT,L,0.0,0.0,0.0,18,True
isolation,nominal-preview-faithful-preview,channel2,1,4,PHYSICAL_SHIFT,P,0.0,0.0,0.0,18,True
isolation,nominal-preview-faithful-preview,channel2,1,48,PHYSICAL_SHIFT,B,0.0,0.0,0.0,18,True
isolation,nominal-preview-faithful-preview,channel2,1,48,PHYSICAL_SHIFT,L,-0.0016666666666666718,-0.0036145695202764853,0.00028123618694314177,18,False
isolation,nominal-preview-faithful-preview,channel2,1,48,PHYSICAL_SHIFT,P,-0.003515104166666666,-0.007381360921555473,0.00035115258822214154,18,False
